Date,Open,High,Low,Close,Adj Close,Volume,Dividends,Stock Splits,Return,MA_10,MA_50,ATR_14
2023-08-22 00:00:00+05:30,1258.449951171875,1268.9749755859375,1249.5,1259.699951171875,1250.44482421875,7713044,0.0,0.0,,,,
2023-08-23 00:00:00+05:30,1262.0999755859375,1271.425048828125,1258.4749755859375,1261.0999755859375,1251.8345947265625,9517952,0.0,0.0,0.0011113951483130435,,,
2023-08-24 00:00:00+05:30,1269.949951171875,1269.949951171875,1235.5,1239.9000244140625,1230.7904052734375,14140020,0.0,0.0,-0.016810682406067756,,,
2023-08-25 00:00:00+05:30,1228.0,1252.5,1221.300048828125,1234.175048828125,1225.1075439453125,22222400,0.0,0.0,-0.004617288066143033,,,
2023-08-28 00:00:00+05:30,1236.0,1242.0,1215.550048828125,1221.875,1212.897705078125,12580826,0.0,0.0,-0.0099662109032298,,,
2023-08-29 00:00:00+05:30,1226.0250244140625,1226.7249755859375,1204.074951171875,1210.175048828125,1201.2838134765625,16876644,0.0,0.0,-0.009575407608695685,,,
2023-08-30 00:00:00+05:30,1216.0,1221.5,1207.5,1209.0250244140625,1200.142333984375,12168946,0.0,0.0,-0.0009502959222107421,,,
2023-08-31 00:00:00+05:30,1211.5,1212.5,1199.949951171875,1203.5,1194.6578369140625,21638600,0.0,0.0,-0.004569818078612675,,,
2023-09-01 00:00:00+05:30,1203.2750244140625,1212.824951171875,1200.824951171875,1206.324951171875,1197.4619140625,18112842,0.0,0.0,0.002347279743975861,,,
2023-09-04 00:00:00+05:30,1206.324951171875,1211.824951171875,1202.6500244140625,1205.3499755859375,1196.494140625,9347626,0.0,0.0,-0.0008082196965174537,1225.1125,,
2023-09-05 00:00:00+05:30,1210.0,1216.9749755859375,1206.2249755859375,1211.800048828125,1202.89697265625,8675876,0.0,0.0,0.005351203694223372,1220.322509765625,,
2023-09-06 00:00:00+05:30,1210.550048828125,1218.074951171875,1208.625,1214.3499755859375,1205.4281005859375,8200370,0.0,0.0,0.00210424711591517,1215.647509765625,,
2023-09-07 00:00:00+05:30,1210.8499755859375,1219.125,1205.5,1216.0,1207.06591796875,13652572,0.0,0.0,0.0013587717274554656,1213.2575073242188,,
2023-09-08 00:00:00+05:30,1220.0,1228.0,1211.4749755859375,1224.0999755859375,1215.1064453125,23109288,0.0,0.0,0.006661164133172193,1212.25,,17.517848423549108
2023-09-11 00:00:00+05:30,1226.0,1238.425048828125,1226.0,1237.300048828125,1228.20947265625,13271074,0.0,0.0,0.010783492774655956,1213.7925048828124,,17.0142822265625
2023-09-12 00:00:00+05:30,1241.5,1241.5,1217.9749755859375,1219.425048828125,1210.4658203125,16255666,0.0,0.0,-0.014446778707339236,1214.7175048828126,,17.769635881696427
2023-09-13 00:00:00+05:30,1220.0,1231.324951171875,1213.125,1225.5250244140625,1216.52099609375,12803338,0.0,0.0,0.005002337447307381,1216.3675048828125,,16.608921595982142
2023-09-14 00:00:00+05:30,1230.0,1232.9000244140625,1222.5,1226.6500244140625,1217.6376953125,9209636,0.0,0.0,0.0009179739112532559,1218.6825073242187,,15.123212541852679
2023-09-15 00:00:00+05:30,1234.0,1234.0,1224.75,1228.925048828125,1219.89599609375,25468592,0.0,0.0,0.0018546646303203573,1220.9425170898437,,13.894644601004464
2023-09-18 00:00:00+05:30,1220.0250244140625,1225.5,1216.0250244140625,1218.2249755859375,1209.274658203125,7516300,0.0,0.0,-0.008706855843154004,1222.2300170898438,,12.953569684709821
2023-09-20 00:00:00+05:30,1211.5250244140625,1213.800048828125,1177.5,1191.074951171875,1182.3240966796875,57081884,0.0,0.0,-0.022286543912797385,1220.1575073242188,,14.546430315290179
2023-09-21 00:00:00+05:30,1187.4749755859375,1195.050048828125,1180.0,1182.4000244140625,1173.7127685546875,12226182,0.0,0.0,-0.007283275287820801,1216.9625122070313,,14.725001743861608
2023-09-22 00:00:00+05:30,1188.0,1191.2249755859375,1175.0,1177.4749755859375,1168.823974609375,19176786,0.0,0.0,-0.004165298313965837,1213.110009765625,,15.026785714285714
2023-09-25 00:00:00+05:30,1175.199951171875,1180.3499755859375,1167.550048828125,1170.2249755859375,1161.6273193359375,14254884,0.0,0.0,-0.006157243381238131,1207.722509765625,,15.285714285714286
2023-09-26 00:00:00+05:30,1169.2750244140625,1175.0999755859375,1167.800048828125,1171.25,1162.644775390625,10087782,0.0,0.0,0.0008759208147555153,1201.1175048828125,,15.039280482700892
2023-09-27 00:00:00+05:30,1171.75,1185.9000244140625,1169.25,1184.449951171875,1175.747802734375,11722778,0.0,0.0,0.01126996898345789,1197.6199951171875,,15.553571428571429
2023-09-28 00:00:00+05:30,1191.5,1191.5,1162.5,1167.050048828125,1158.4757080078125,14518346,0.0,0.0,-0.014690280772551745,1191.7724975585938,,16.651785714285715
2023-09-29 00:00:00+05:30,1170.9000244140625,1184.550048828125,1167.050048828125,1172.5,1163.8856201171875,12342014,0.0,0.0,0.004669852143314168,1186.3574951171875,,16.721426827566965
2023-10-03 00:00:00+05:30,1164.9749755859375,1167.800048828125,1158.0,1159.074951171875,1150.5592041015625,8859056,0.0,0.0,-0.011449935034648195,1179.3724853515625,,16.533926827566965
2023-10-04 00:00:00+05:30,1154.5,1159.5,1147.550048828125,1157.074951171875,1148.5738525390625,10286386,0.0,0.0,-0.001725513952292701,1173.2574829101563,,15.707135881696429
2023-10-05 00:00:00+05:30,1159.625,1164.699951171875,1154.5,1157.050048828125,1148.5491943359375,10953682,0.0,0.0,-2.1521806970903334e-05,1169.8549926757812,,15.135707310267858
2023-10-06 00:00:00+05:30,1158.5250244140625,1162.4000244140625,1156.0250244140625,1159.0,1150.4847412109375,5431026,0.0,0.0,0.0016852781552967322,1167.514990234375,,14.84820556640625
2023-10-09 00:00:00+05:30,1154.050048828125,1155.9749755859375,1147.5,1149.125,1140.6822509765625,7576878,0.0,0.0,-0.008520276100086321,1164.6799926757812,,14.7928466796875
2023-10-10 00:00:00+05:30,1153.2750244140625,1158.949951171875,1151.875,1154.199951171875,1145.719970703125,10236032,0.0,0.0,0.004416361293919202,1163.077490234375,,14.621416364397321
2023-10-11 00:00:00+05:30,1157.2249755859375,1174.8499755859375,1156.5,1172.5250244140625,1163.910400390625,9814118,0.0,0.0,0.015876861910782303,1163.2049926757813,,13.339268275669642
2023-10-12 00:00:00+05:30,1171.925048828125,1179.675048828125,1169.074951171875,1174.699951171875,1166.0693359375,12554450,0.0,0.0,0.0018549086053829544,1162.2299926757812,,13.021414620535714
2023-10-13 00:00:00+05:30,1170.0,1178.75,1164.574951171875,1174.6500244140625,1166.019775390625,10150316,0.0,0.0,-4.250171097963662e-05,1162.989990234375,,12.874991280691964
2023-10-16 00:00:00+05:30,1172.5,1177.2750244140625,1168.0,1172.0250244140625,1163.4140625,5929036,0.0,0.0,-0.002234708164509991,1162.9424926757813,,12.623212541852679
2023-10-17 00:00:00+05:30,1178.0,1179.8499755859375,1170.6500244140625,1177.625,1168.972900390625,7928180,0.0,0.0,0.00477803414542044,1164.7974975585937,,12.758928571428571
2023-10-18 00:00:00+05:30,1177.625,1183.5,1160.5,1162.0,1153.4627685546875,8918320,0.0,0.0,-0.013268230548774018,1165.2900024414062,,13.212498256138392
2023-10-19 00:00:00+05:30,1156.0,1160.9000244140625,1150.5,1153.074951171875,1144.603271484375,12032556,0.0,0.0,-0.007680764912327831,1164.8924926757813,,11.883928571428571
2023-10-20 00:00:00+05:30,1150.0,1157.3499755859375,1148.1500244140625,1149.550048828125,1141.104248046875,8913312,0.0,0.0,-0.003056958561251877,1163.9474975585938,,11.291067940848214
2023-10-23 00:00:00+05:30,1145.0,1153.125,1127.625,1131.5999755859375,1123.2860107421875,7853962,0.0,0.0,-0.015614868844106566,1162.1949951171875,,12.412493024553571
2023-10-25 00:00:00+05:30,1125.0250244140625,1140.5999755859375,1121.5,1128.9749755859375,1120.680419921875,11620688,0.0,0.0,-0.0023197243342469864,1159.6724975585937,,12.923209054129464
2023-10-26 00:00:00+05:30,1125.5,1129.0,1110.1500244140625,1113.25,1105.07080078125,15222534,0.0,0.0,-0.013928542196230964,1153.7449951171875,,13.541067940848214
2023-10-27 00:00:00+05:30,1120.0,1136.75,1117.9749755859375,1132.9000244140625,1124.5765380859375,11771084,0.0,0.0,0.017651043713507786,1149.5650024414062,,14.426783970424108
2023-10-30 00:00:00+05:30,1137.0,1162.5,1134.9749755859375,1156.25,1147.7550048828125,16813304,0.0,0.0,0.02061079979057645,1147.725,,15.787501743861608
2023-10-31 00:00:00+05:30,1164.0,1164.0,1141.449951171875,1143.949951171875,1135.5452880859375,12808438,0.0,0.0,-0.010637880067567607,1144.9174926757812,,16.892865862165177
2023-11-01 00:00:00+05:30,1144.574951171875,1158.75,1137.5999755859375,1148.699951171875,1140.2603759765625,10309190,0.0,0.0,0.004152279560075245,1142.0249877929687,,17.092869349888392
2023-11-02 00:00:00+05:30,1156.9749755859375,1162.1500244140625,1153.9749755859375,1160.0999755859375,1151.57666015625,10562104,0.0,0.0,0.009924283884954033,1141.8349853515624,1185.5449975585936,16.919651576450892
2023-11-03 00:00:00+05:30,1163.5999755859375,1167.4749755859375,1157.875,1159.8499755859375,1151.3284912109375,8850156,0.0,0.0,-0.00021549866844339238,1142.5124877929688,1183.547998046875,16.592860630580358
2023-11-06 00:00:00+05:30,1166.1500244140625,1170.0,1162.800048828125,1169.5,1160.9075927734375,10647304,0.0,0.0,0.008320062609121104,1144.5074829101563,1181.7159985351564,16.44464111328125
2023-11-07 00:00:00+05:30,1167.0250244140625,1169.550048828125,1159.7750244140625,1161.9000244140625,1153.3634033203125,6960204,0.0,0.0,-0.006498482758390378,1147.5374877929687,1180.1559985351562,16.4857177734375
2023-11-08 00:00:00+05:30,1166.0,1170.5,1160.875,1167.949951171875,1159.3690185546875,7884494,0.0,0.0,0.005206925407255536,1151.4349853515625,1178.8314965820311,15.530360630580358
2023-11-09 00:00:00+05:30,1167.925048828125,1167.949951171875,1152.0999755859375,1155.2750244140625,1146.787109375,14513610,0.0,0.0,-0.010852285875002532,1155.6374877929688,1177.4994970703126,15.919642857142858
2023-11-10 00:00:00+05:30,1152.7750244140625,1158.175048828125,1149.0250244140625,1157.449951171875,1148.9461669921875,7734954,0.0,0.0,0.0018826051908424901,1158.09248046875,1176.4449951171875,15.91607666015625
2023-11-13 00:00:00+05:30,1161.449951171875,1162.300048828125,1155.8499755859375,1157.300048828125,1148.79736328125,3854810,0.0,0.0,-0.0001295108644638887,1158.1974853515626,1175.4104956054687,14.555367606026786
2023-11-15 00:00:00+05:30,1170.0,1180.9749755859375,1163.5,1178.2249755859375,1169.5684814453125,12220648,0.0,0.0,0.01808081385549154,1161.6249877929688,1174.9049951171876,14.439296177455358
2023-11-16 00:00:00+05:30,1175.550048828125,1187.074951171875,1173.4749755859375,1180.3499755859375,1171.6778564453125,13134910,0.0,0.0,0.0018035604778647851,1164.789990234375,1174.3854956054688,14.064296177455358
2023-11-17 00:00:00+05:30,1176.449951171875,1186.625,1176.0250244140625,1177.7750244140625,1169.121826171875,7758634,0.0,0.0,-0.0021815149956662117,1166.5574951171875,1173.8339965820312,13.480364118303571
2023-11-20 00:00:00+05:30,1174.2750244140625,1179.199951171875,1168.199951171875,1174.675048828125,1166.0445556640625,4490186,0.0,0.0,-0.0026320608959081726,1168.0400024414062,1173.0914965820311,12.300005231584821
2023-11-21 00:00:00+05:30,1183.0,1194.0,1180.0999755859375,1189.449951171875,1180.7109375,8214450,0.0,0.0,0.012577863434223513,1170.0349975585937,1172.59349609375,11.682146344866071
2023-11-22 00:00:00+05:30,1187.5,1197.2249755859375,1186.0999755859375,1194.0999755859375,1185.3267822265625,8534814,0.0,0.0,0.0039093905628238,1173.2549926757813,1172.1554956054688,10.966073172433036
2023-11-23 00:00:00+05:30,1194.0999755859375,1200.0,1194.0999755859375,1197.75,1188.9500732421875,8531542,0.0,0.0,0.003056715927216569,1176.2349975585937,1171.62849609375,10.803571428571429
2023-11-24 00:00:00+05:30,1195.800048828125,1201.300048828125,1195.5250244140625,1196.949951171875,1188.1558837890625,6749486,0.0,0.0,-0.0006679597813609162,1180.402490234375,1170.821494140625,10.530360630580358
2023-11-28 00:00:00+05:30,1196.949951171875,1199.8499755859375,1187.625,1197.199951171875,1188.404052734375,13792174,0.0,0.0,0.00020886420501975422,1184.377490234375,1170.3769921875,10.889290945870536
2023-11-29 00:00:00+05:30,1204.0,1205.9749755859375,1199.0250244140625,1200.3499755859375,1191.5308837890625,12531306,0.0,0.0,0.002631159825039253,1188.6824829101563,1169.8734912109376,10.6875
2023-11-30 00:00:00+05:30,1197.3499755859375,1200.3499755859375,1184.949951171875,1188.7249755859375,1179.9913330078125,28439984,0.0,0.0,-0.009684675500014395,1189.7324829101562,1169.114990234375,11.100001743861608
2023-12-01 00:00:00+05:30,1189.0,1198.199951171875,1188.800048828125,1197.1500244140625,1188.3544921875,14342842,0.0,0.0,0.007087466824672539,1191.4124877929687,1168.4794897460938,10.6392822265625
2023-12-04 00:00:00+05:30,1225.0,1225.0,1199.300048828125,1210.0999755859375,1201.2093505859375,15590990,0.0,0.0,0.010817316884083272,1194.6449829101562,1168.3169897460937,11.821419852120536
2023-12-05 00:00:00+05:30,1219.5,1220.425048828125,1210.824951171875,1218.875,1209.919921875,12693624,0.0,0.0,0.00725148714246826,1199.0649780273438,1168.8729907226561,12.046421595982142
2023-12-06 00:00:00+05:30,1223.550048828125,1236.4749755859375,1217.5,1230.550048828125,1221.5091552734375,16422442,0.0,0.0,0.009578544828735547,1203.1749877929688,1169.8359912109374,12.153564453125
2023-12-07 00:00:00+05:30,1230.0,1230.4749755859375,1221.0,1228.5250244140625,1219.4989013671875,8142096,0.0,0.0,-0.001645625398163153,1206.6174926757812,1170.8569921875,11.858921595982142
2023-12-08 00:00:00+05:30,1231.925048828125,1238.3499755859375,1222.5,1227.875,1218.8536376953125,10204894,0.0,0.0,-0.0005291096242606708,1209.6299926757813,1172.0099926757812,12.233921595982142
2023-12-11 00:00:00+05:30,1228.0,1233.800048828125,1226.199951171875,1229.675048828125,1220.6405029296875,7066138,0.0,0.0,0.0014659870329838398,1212.9025024414063,1173.1784936523438,11.991071428571429
2023-12-12 00:00:00+05:30,1230.0,1232.4749755859375,1210.074951171875,1212.0250244140625,1203.1201171875,9197124,0.0,0.0,-0.014353405341421599,1214.385009765625,1173.7299951171874,12.598214285714286
2023-12-13 00:00:00+05:30,1211.0,1219.175048828125,1203.1500244140625,1216.9749755859375,1208.03369140625,10031182,0.0,0.0,0.004084033804721221,1216.047509765625,1174.7284936523438,12.948216029575892
2023-12-14 00:00:00+05:30,1227.0,1237.4749755859375,1221.324951171875,1232.074951171875,1223.0228271484375,16972354,0.0,0.0,0.012407794645627135,1220.3825073242188,1175.9199926757813,13.68035888671875
2023-12-15 00:00:00+05:30,1239.0,1250.0,1235.0250244140625,1247.800048828125,1238.63232421875,15932152,0.0,0.0,0.012763101499055018,1225.447509765625,1177.6944946289063,14.337498256138392
2023-12-18 00:00:00+05:30,1247.800048828125,1267.449951171875,1245.4749755859375,1260.5,1251.239013671875,14165188,0.0,0.0,0.010177873597458253,1230.4875122070312,1179.7629956054689,15.033926827566964
2023-12-19 00:00:00+05:30,1277.5,1286.949951171875,1262.5999755859375,1279.050048828125,1269.6527099609375,16820604,0.0,0.0,0.014716421125049672,1236.5050170898437,1182.2029956054687,16.276785714285715
2023-12-20 00:00:00+05:30,1285.5250244140625,1299.425048828125,1260.0,1263.574951171875,1254.2913818359375,17736722,0.0,0.0,-0.01209889923418428,1239.8075073242187,1184.2944946289062,17.99285888671875
2023-12-21 00:00:00+05:30,1263.5,1286.75,1259.125,1281.2750244140625,1271.8614501953125,13765454,0.0,0.0,0.014007932988677751,1245.0825073242188,1186.9374951171876,19.294651576450892
2023-12-22 00:00:00+05:30,1279.800048828125,1290.449951171875,1273.824951171875,1282.5250244140625,1273.102294921875,16541784,0.0,0.0,0.0009755907015915888,1250.547509765625,1189.5039965820313,18.646440778459823
2023-12-26 00:00:00+05:30,1284.0,1295.9749755859375,1281.3499755859375,1289.0250244140625,1279.554443359375,7465664,0.0,0.0,0.005068127230476227,1256.4825073242187,1191.8339965820312,19.005362374441965
2023-12-27 00:00:00+05:30,1291.0,1299.949951171875,1286.550048828125,1293.425048828125,1283.9222412109375,9204156,0.0,0.0,0.003413451508486043,1264.622509765625,1194.2084985351562,18.607142857142858
2023-12-28 00:00:00+05:30,1294.9000244140625,1306.0,1293.425048828125,1302.7750244140625,1293.2034912109375,12302636,0.0,0.0,0.007228849939475701,1273.2025146484375,1196.7709985351562,18.828569684709823
2023-12-29 00:00:00+05:30,1305.550048828125,1307.0,1289.6500244140625,1292.4749755859375,1282.97900390625,10864584,0.0,0.0,-0.007906237558367057,1279.2425170898437,1199.1799975585936,18.935712541852677
2024-01-01 00:00:00+05:30,1290.2750244140625,1303.425048828125,1286.574951171875,1295.125,1285.609619140625,4030540,0.0,0.0,0.0020503487217313765,1283.9750122070313,1201.5299975585938,19.596426827566965
2024-01-02 00:00:00+05:30,1292.5,1307.5,1286.5,1305.8499755859375,1296.255859375,7448800,0.0,0.0,0.008281035101582956,1288.510009765625,1204.4069970703124,19.496425083705358
2024-01-03 00:00:00+05:30,1305.0,1317.0,1288.5999755859375,1291.6500244140625,1282.16015625,9037536,0.0,0.0,-0.01087410608979289,1289.7700073242188,1207.1784985351562,20.380353655133927
2024-01-04 00:00:00+05:30,1294.0,1304.925048828125,1289.550048828125,1298.324951171875,1288.7860107421875,9612778,0.0,0.0,0.005167751814846744,1293.2450073242187,1210.1539965820311,20.324994768415177
2024-01-05 00:00:00+05:30,1301.449951171875,1309.925048828125,1299.0,1303.8499755859375,1294.2705078125,8086406,0.0,0.0,0.004255501990526822,1295.5025024414062,1213.5989965820313,20.035714285714285
2024-01-08 00:00:00+05:30,1305.0,1315.9749755859375,1284.4749755859375,1293.675048828125,1284.1702880859375,7734652,0.0,0.0,-0.007803755760504516,1296.6175048828125,1216.892998046875,20.716073172433035
2024-01-09 00:00:00+05:30,1300.0,1303.4000244140625,1288.5999755859375,1290.25,1280.7705078125,5403074,0.0,0.0,-0.002647534117031669,1296.7400024414062,1220.432998046875,20.033935546875
2024-01-10 00:00:00+05:30,1288.5,1329.5,1287.5250244140625,1325.050048828125,1315.3148193359375,11102740,0.0,0.0,0.026971554991765068,1299.9025024414063,1224.2759985351563,20.216073172433035
2024-01-11 00:00:00+05:30,1329.5,1362.5,1328.5,1359.9000244140625,1349.9088134765625,23725852,0.0,0.0,0.0263008749116751,1305.6150024414062,1228.3489990234375,20.671430315290177
2024-01-12 00:00:00+05:30,1359.9000244140625,1373.324951171875,1345.75,1370.7249755859375,1360.6541748046875,15012164,0.0,0.0,0.007960108079664963,1313.4400024414062,1232.8844995117188,21.453569684709823
2024-01-15 00:00:00+05:30,1375.0,1396.449951171875,1366.0,1394.125,1383.88232421875,8610594,0.0,0.0,0.017071276026074944,1323.3400024414063,1237.7930004882812,22.58392333984375
2024-01-16 00:00:00+05:30,1389.9749755859375,1396.300048828125,1370.5,1374.625,1364.5255126953125,9069024,0.0,0.0,-0.01398726799964134,1330.2175048828126,1242.0835009765624,23.469648088727677
2024-01-17 00:00:00+05:30,1359.5,1386.2750244140625,1355.0250244140625,1361.574951171875,1351.5712890625,12197382,0.0,0.0,-0.009493533747840344,1337.2099975585938,1246.1180004882813,24.803580147879465
2024-01-18 00:00:00+05:30,1351.4000244140625,1371.0,1351.25,1367.949951171875,1357.8995361328125,10279438,0.0,0.0,0.0046820779087579645,1344.1724975585937,1250.0869995117187,24.975010463169642
2024-01-19 00:00:00+05:30,1376.0,1376.0,1359.0,1367.449951171875,1357.4031982421875,10422704,0.0,0.0,-0.00036551044836963253,1350.5324951171874,1254.197998046875,24.9857177734375
2024-01-23 00:00:00+05:30,1371.75,1371.75,1322.550048828125,1328.574951171875,1318.8138427734375,20055420,0.0,0.0,-0.0284288283945493,1354.0224853515624,1257.410498046875,27.0
2024-01-24 00:00:00+05:30,1335.2249755859375,1349.5,1323.925048828125,1343.875,1334.00146484375,21919128,0.0,0.0,0.011516135250502435,1359.3849853515626,1261.1824975585937,26.798209054129465
2024-01-25 00:00:00+05:30,1342.949951171875,1364.1500244140625,1335.199951171875,1353.074951171875,1343.1337890625,11808872,0.0,0.0,0.006845838468514609,1362.1874755859376,1265.0949975585938,27.767857142857142
2024-01-29 00:00:00+05:30,1364.5,1452.5,1360.175048828125,1448.050048828125,1437.4111328125,23893438,0.0,0.0,0.0701920448486566,1371.0024780273438,1270.9099975585937,33.58213588169643
2024-01-30 00:00:00+05:30,1459.949951171875,1459.9749755859375,1404.425048828125,1407.625,1397.2830810546875,14093978,0.0,0.0,-0.027916886478364544,1374.69248046875,1275.497998046875,35.29998779296875
2024-01-31 00:00:00+05:30,1404.0,1434.25,1402.5,1426.625,1416.1435546875,15130226,0.0,0.0,0.013497913151585106,1377.94248046875,1280.4234985351563,36.51069859095982
2024-02-01 00:00:00+05:30,1435.0,1443.3499755859375,1418.050048828125,1426.6500244140625,1416.1683349609375,13349362,0.0,0.0,1.7540989441844346e-05,1383.1449829101562,1285.4009985351563,35.31962367466518
2024-02-02 00:00:00+05:30,1433.175048828125,1474.9000244140625,1433.175048828125,1457.699951171875,1446.9901123046875,19652588,0.0,0.0,0.021764221236084236,1392.7574829101563,1291.0614965820312,35.871407645089285
2024-02-05 00:00:00+05:30,1460.75,1470.5,1431.5250244140625,1439.0250244140625,1428.452392578125,8814432,0.0,0.0,-0.012811228224847926,1399.864990234375,1296.052998046875,36.685695103236604
2024-02-06 00:00:00+05:30,1441.8499755859375,1441.8499755859375,1419.824951171875,1427.800048828125,1417.309814453125,9047984,0.0,0.0,-0.007800403325514127,1405.9,1300.7269995117188,36.083914620535715
2024-02-07 00:00:00+05:30,1435.925048828125,1449.5,1429.25,1442.1500244140625,1431.554443359375,9296568,0.0,0.0,0.010050409787921932,1417.2575073242188,1305.615,35.68748256138393
2024-02-08 00:00:00+05:30,1450.0,1459.4749755859375,1427.5250244140625,1450.125,1439.4708251953125,14694634,0.0,0.0,0.005529920917331621,1427.8825073242188,1310.6785009765624,35.737479073660715
2024-02-09 00:00:00+05:30,1454.0,1471.9749755859375,1450.949951171875,1460.75,1450.0177001953125,12556798,0.0,0.0,0.007326954572881572,1438.6500122070313,1315.949501953125,35.82855224609375
2024-02-12 00:00:00+05:30,1460.75,1461.0,1442.3499755859375,1452.3499755859375,1441.679443359375,6674430,0.0,0.0,-0.005750487362014334,1439.0800048828125,1320.989501953125,35.9464111328125
2024-02-13 00:00:00+05:30,1455.5,1479.0,1454.0,1465.0999755859375,1454.3358154296875,7715594,0.0,0.0,0.008778875762955218,1444.8275024414063,1326.517001953125,34.217843191964285
2024-02-14 00:00:00+05:30,1457.5,1483.6500244140625,1457.5,1481.375,1470.4912109375,7117888,0.0,0.0,0.011108473609491076,1450.3025024414062,1332.2015014648437,34.258919852120535
2024-02-15 00:00:00+05:30,1483.3499755859375,1484.7249755859375,1466.5250244140625,1470.5999755859375,1459.7952880859375,10006782,0.0,0.0,-0.007273664274111913,1454.6974975585938,1337.4115014648437,33.491053989955354
2024-02-16 00:00:00+05:30,1476.4749755859375,1477.0,1458.550048828125,1460.574951171875,1449.843994140625,9767498,0.0,0.0,-0.006816962179037267,1454.9849975585937,1342.2455004882813,28.214268275669642
2024-02-19 00:00:00+05:30,1462.050048828125,1479.5,1453.5250244140625,1474.0,1463.17041015625,6729828,0.0,0.0,0.00919161924374623,1458.4824951171875,1347.1144995117188,26.101771763392858
2024-02-20 00:00:00+05:30,1475.0250244140625,1475.5,1461.800048828125,1471.0250244140625,1460.2174072265625,7117496,0.0,0.0,-0.0020183009402561236,1462.8049926757812,1351.9644995117187,24.812482561383927
2024-02-21 00:00:00+05:30,1474.0,1488.5250244140625,1457.550048828125,1467.699951171875,1456.916748046875,12720292,0.0,0.0,-0.0022603784347665634,1465.3599853515625,1356.7609985351562,25.217843191964285
2024-02-22 00:00:00+05:30,1468.1500244140625,1484.949951171875,1458.0,1481.75,1470.8634033203125,18493728,0.0,0.0,0.009572834568064792,1468.5224853515624,1361.8024975585938,24.162484305245535
2024-02-23 00:00:00+05:30,1489.5,1497.550048828125,1483.3499755859375,1493.625,1482.6512451171875,14438584,0.0,0.0,0.008014172431246802,1471.8099853515625,1367.4344970703125,22.392848423549108
2024-02-26 00:00:00+05:30,1493.550048828125,1494.5250244140625,1482.5,1487.324951171875,1476.3974609375,7513106,0.0,0.0,-0.0042179588773119114,1475.3074829101563,1372.8414965820311,21.678562709263392
2024-02-27 00:00:00+05:30,1483.0250244140625,1499.949951171875,1478.050048828125,1485.6500244140625,1474.73486328125,10826044,0.0,0.0,-0.0011261337050070264,1477.3624877929688,1377.912998046875,21.796412876674108
2024-02-28 00:00:00+05:30,1483.0,1491.2750244140625,1450.175048828125,1455.625,1444.930419921875,8647950,0.0,0.0,-0.02021002518806836,1474.7874877929687,1382.0694970703125,22.449986049107142
2024-02-29 00:00:00+05:30,1465.0,1478.9749755859375,1454.5250244140625,1460.800048828125,1450.0675048828125,23628976,0.0,0.0,0.003555207438814989,1473.8074951171875,1386.075498046875,22.694623674665177
2024-03-01 00:00:00+05:30,1463.5,1500.0,1462.5,1492.125,1481.1622314453125,12132926,0.0,0.0,0.021443695320933376,1476.9625,1390.3369970703125,24.041050502232142
2024-03-04 00:00:00+05:30,1490.4749755859375,1512.449951171875,1487.2249755859375,1507.4000244140625,1496.3250732421875,10024420,0.0,0.0,0.010237094354737408,1480.3025024414062,1395.2134985351563,24.057120186941965
2024-03-05 00:00:00+05:30,1505.7750244140625,1507.4000244140625,1486.050048828125,1500.199951171875,1489.1778564453125,7107668,0.0,0.0,-0.004776484758905464,1483.2199951171874,1399.5919970703126,23.714259556361608
2024-03-06 00:00:00+05:30,1493.449951171875,1509.0,1478.5,1503.0,1491.9573974609375,7805676,0.0,0.0,0.0018664504194509934,1486.75,1404.0014965820312,24.59283447265625
2024-03-07 00:00:00+05:30,1502.9749755859375,1503.0999755859375,1475.550048828125,1478.925048828125,1468.059326171875,8315726,0.0,0.0,-0.01601793158474718,1486.4675048828126,1407.7994970703126,25.242832728794642
2024-03-11 00:00:00+05:30,1489.0,1489.0,1463.5,1466.5999755859375,1455.82470703125,11277130,0.0,0.0,-0.008333805186377496,1483.7650024414063,1411.2629956054689,25.208905901227677
2024-03-12 00:00:00+05:30,1466.5999755859375,1488.0,1465.0250244140625,1475.425048828125,1464.5850830078125,9432678,0.0,0.0,0.00601736900933858,1482.5750122070312,1414.71599609375,25.871407645089285
2024-03-13 00:00:00+05:30,1479.7750244140625,1483.0999755859375,1427.7750244140625,1432.175048828125,1421.6527099609375,13522134,0.0,0.0,-0.029313586640237532,1477.2275146484376,1417.5099975585938,27.610691615513392
2024-03-14 00:00:00+05:30,1439.699951171875,1448.5250244140625,1425.5,1431.4749755859375,1420.9578857421875,18571102,0.0,0.0,-0.0004888182088916837,1474.8125122070312,1420.2369970703126,27.330339704241073
2024-03-15 00:00:00+05:30,1425.949951171875,1433.2249755859375,1412.9000244140625,1418.2249755859375,1407.80517578125,19223818,0.0,0.0,-0.009256186958194301,1470.5550048828125,1422.4844970703125,27.767830984933035
2024-03-18 00:00:00+05:30,1420.0,1441.7249755859375,1416.5250244140625,1439.4749755859375,1428.8990478515625,9169392,0.0,0.0,0.014983518387990946,1465.2900024414062,1425.44099609375,28.708897181919642
2024-03-19 00:00:00+05:30,1428.75,1437.5999755859375,1417.25,1425.25,1414.778564453125,8275764,0.0,0.0,-0.009882058269298666,1457.075,1427.9794970703124,28.598188127790177
2024-03-20 00:00:00+05:30,1427.949951171875,1445.0,1424.0250244140625,1443.75,1433.142578125,8488806,0.0,0.0,0.012980178915979579,1451.4300048828125,1430.7774975585937,27.160688127790177
2024-03-21 00:00:00+05:30,1452.5250244140625,1457.9000244140625,1444.675048828125,1450.9749755859375,1440.3145751953125,13006936,0.0,0.0,0.0050043120941558605,1446.2275024414062,1433.92349609375,26.358904157366073
2024-03-22 00:00:00+05:30,1449.9749755859375,1460.0,1447.3499755859375,1455.0250244140625,1444.3348388671875,19527608,0.0,0.0,0.002791260287924313,1443.8375,1437.2189965820312,24.583905901227677
2024-03-26 00:00:00+05:30,1445.0,1452.4000244140625,1439.0,1441.574951171875,1430.983642578125,11415906,0.0,0.0,-0.009243877607949647,1441.3349975585938,1439.5494946289064,23.739266531808035
2024-03-27 00:00:00+05:30,1448.0,1500.0,1447.0,1492.8499755859375,1481.8819580078125,16326644,0.0,0.0,0.03556875372479262,1443.077490234375,1442.2084936523438,25.999982561383927
2024-03-28 00:00:00+05:30,1492.875,1505.949951171875,1478.6500244140625,1485.8499755859375,1474.933349609375,21854364,0.0,0.0,-0.004689017727486311,1448.4449829101563,1444.5109936523438,25.771405901227677
2024-04-01 00:00:00+05:30,1492.4749755859375,1493.9749755859375,1482.5,1484.7750244140625,1473.8663330078125,5013880,0.0,0.0,-0.0007234587539372006,1453.7749877929687,1446.323994140625,24.623195103236608
2024-04-02 00:00:00+05:30,1484.0,1494.0,1475.0,1486.949951171875,1476.025146484375,8910166,0.0,0.0,0.0014648190615078605,1460.6474853515624,1448.5704931640626,24.158909388950892
2024-04-03 00:00:00+05:30,1482.074951171875,1484.449951171875,1468.9000244140625,1471.5999755859375,1460.7880859375,7008292,0.0,0.0,-0.010323128612257704,1463.8599853515625,1450.7709936523438,23.628548758370535
2024-04-04 00:00:00+05:30,1479.75,1479.75,1450.0,1462.925048828125,1452.1768798828125,14490272,0.0,0.0,-0.005894894605688261,1467.627490234375,1452.6704956054687,21.801766531808035
2024-04-05 00:00:00+05:30,1460.875,1470.800048828125,1456.0,1460.0999755859375,1449.3724365234375,7442298,0.0,0.0,-0.0019311127692088759,1469.2624877929688,1454.52349609375,21.214268275669642
2024-04-08 00:00:00+05:30,1462.9749755859375,1490.9749755859375,1461.0,1485.9749755859375,1475.057373046875,8357118,0.0,0.0,0.01772138924227873,1472.7624877929688,1457.6714965820313,21.903555733816965
2024-04-09 00:00:00+05:30,1489.0,1489.800048828125,1462.5,1463.6500244140625,1452.896484375,7071414,0.0,0.0,-0.015023773306190424,1473.6249877929688,1460.0669970703125,22.053562709263392
2024-04-10 00:00:00+05:30,1466.3499755859375,1487.0,1466.3499755859375,1479.574951171875,1468.7044677734375,9138330,0.0,0.0,0.01088028319077683,1477.4249877929688,1462.5969970703125,22.074994768415177
2024-04-12 00:00:00+05:30,1475.875,1486.4749755859375,1463.074951171875,1467.1500244140625,1456.3707275390625,15551012,0.0,0.0,-0.008397632541677913,1474.8549926757812,1462.9789965820312,22.248212541852677
2024-04-15 00:00:00+05:30,1461.0,1482.125,1446.324951171875,1464.824951171875,1454.062744140625,12902062,0.0,0.0,-0.0015847549354170987,1472.752490234375,1464.1229956054688,23.8607177734375
2024-04-16 00:00:00+05:30,1453.3499755859375,1471.175048828125,1450.925048828125,1465.75,1454.9810791015625,9366184,0.0,0.0,0.0006315081043539728,1470.8499877929687,1464.9054956054688,24.403573172433035
2024-04-18 00:00:00+05:30,1463.5,1486.0,1459.3499755859375,1464.324951171875,1453.56640625,19005692,0.0,0.0,-0.0009722318458980084,1468.5874877929687,1465.658994140625,25.350001743861608
2024-04-19 00:00:00+05:30,1456.7750244140625,1474.0,1443.0250244140625,1470.125,1459.323974609375,15741778,0.0,0.0,0.003960902819748702,1468.439990234375,1465.9074951171874,23.776785714285715
2024-04-22 00:00:00+05:30,1472.449951171875,1482.824951171875,1467.800048828125,1479.8499755859375,1468.9774169921875,10350362,0.0,0.0,0.006615067144588149,1470.1324829101563,1466.723994140625,22.899998256138392
2024-04-23 00:00:00+05:30,1479.0,1493.5,1455.550048828125,1459.324951171875,1448.603271484375,14605554,0.0,0.0,-0.013869665677384457,1470.05498046875,1467.3544921875,24.791067940848215
2024-04-24 00:00:00+05:30,1463.5,1468.550048828125,1449.5,1450.175048828125,1439.5205078125,10462776,0.0,0.0,-0.006269955390266202,1466.4749877929687,1467.5149926757813,24.794642857142858
2024-04-25 00:00:00+05:30,1442.5,1467.9749755859375,1441.5,1459.9749755859375,1449.2484130859375,15943926,0.0,0.0,0.0067577543591939015,1466.1074829101562,1467.7119921875,25.575003487723215
2024-04-26 00:00:00+05:30,1463.949951171875,1465.0,1450.0,1452.550048828125,1441.878173828125,9413848,0.0,0.0,-0.005085653440623283,1463.4049926757812,1467.5479931640625,24.521432059151785
2024-04-29 00:00:00+05:30,1450.0,1467.9000244140625,1450.0,1465.0250244140625,1454.2613525390625,7247974,0.0,0.0,0.008588327538870066,1463.1924926757813,1467.801494140625,24.74285888671875
2024-04-30 00:00:00+05:30,1468.0,1483.074951171875,1462.875,1467.0,1456.2218017578125,11474262,0.0,0.0,0.0013480831747070265,1463.4099975585937,1467.8394946289063,24.044642857142858
2024-05-02 00:00:00+05:30,1472.0,1477.324951171875,1464.125,1466.550048828125,1455.7752685546875,14512646,0.0,0.0,-0.0003067151819189373,1463.4900024414062,1467.5429956054688,23.037493024553573
2024-05-03 00:00:00+05:30,1471.0,1474.949951171875,1416.1500244140625,1434.0,1423.46435546875,17226958,0.0,0.0,-0.022194979880935328,1460.4575073242188,1466.81099609375,25.762486049107142
2024-05-06 00:00:00+05:30,1435.5,1440.0,1418.0,1419.5250244140625,1409.095703125,7394208,0.0,0.0,-0.010094125234266005,1455.397509765625,1465.9899975585938,25.662484305245535
2024-05-07 00:00:00+05:30,1415.9749755859375,1420.75,1392.0,1401.4749755859375,1391.17822265625,14517472,0.0,0.0,-0.012715555215784602,1447.560009765625,1464.5394970703126,25.158909388950892
2024-05-08 00:00:00+05:30,1397.5,1432.949951171875,1397.5,1418.550048828125,1408.1279296875,9439002,0.0,0.0,0.012183644759727885,1443.48251953125,1463.4899975585938,26.244620186941965
2024-05-09 00:00:00+05:30,1413.0,1423.75,1390.0,1394.125,1383.88232421875,11009612,0.0,0.0,-0.01721832010671931,1437.8775146484375,1462.0184985351561,26.751761300223215
2024-05-10 00:00:00+05:30,1396.75,1410.0,1388.074951171875,1407.425048828125,1397.0845947265625,10505096,0.0,0.0,0.009540069095758996,1432.6225219726562,1460.5319995117188,26.105337960379465
2024-05-13 00:00:00+05:30,1399.9000244140625,1406.9749755859375,1384.0,1402.699951171875,1392.394287109375,8456620,0.0,0.0,-0.003357264147163197,1427.6375122070312,1458.7134985351563,26.673200334821427
2024-05-14 00:00:00+05:30,1400.9749755859375,1427.074951171875,1400.0250244140625,1420.074951171875,1409.6414794921875,7188300,0.0,0.0,0.012386825839328042,1423.1425048828125,1457.3684985351563,25.894627162388392
2024-05-15 00:00:00+05:30,1420.5,1429.9749755859375,1413.0250244140625,1416.2750244140625,1405.86962890625,5046534,0.0,0.0,-0.002675863520215427,1418.0700073242188,1455.9809985351562,25.744620186941965
2024-05-16 00:00:00+05:30,1418.550048828125,1427.5,1398.0250244140625,1425.3499755859375,1414.8778076171875,14711774,0.0,0.0,0.006407619293879341,1413.95,1455.375498046875,25.958905901227677
2024-05-17 00:00:00+05:30,1423.050048828125,1437.199951171875,1413.25,1435.699951171875,1425.15185546875,10916476,0.0,0.0,0.007261357395177859,1414.1199951171875,1454.87349609375,26.598188127790177
2024-05-21 00:00:00+05:30,1425.5999755859375,1441.824951171875,1425.5999755859375,1436.125,1425.57373046875,11176128,0.0,0.0,0.000296056866045058,1415.7799926757812,1453.75349609375,26.478541782924108
2024-05-22 00:00:00+05:30,1436.2750244140625,1468.7750244140625,1436.2750244140625,1460.6500244140625,1449.9185791015625,10281604,0.0,0.0,0.017077221282313593,1421.6974975585938,1452.81849609375,27.35711669921875
2024-05-23 00:00:00+05:30,1458.550048828125,1492.2249755859375,1455.0,1486.050048828125,1475.1319580078125,14608260,0.0,0.0,0.017389534788972982,1428.4474975585938,1452.535498046875,29.073189871651785
2024-05-24 00:00:00+05:30,1483.625,1488.5,1476.0999755859375,1480.25,1469.37451171875,7094776,0.0,0.0,-0.0039029969634595263,1437.0599975585938,1452.080498046875,25.7589111328125
2024-05-27 00:00:00+05:30,1480.2249755859375,1484.9000244140625,1461.550048828125,1466.25,1455.4774169921875,6629010,0.0,0.0,-0.009457861847660842,1442.9424926757813,1451.8269970703125,25.855337960379465
2024-05-28 00:00:00+05:30,1468.0,1478.5,1452.75,1456.199951171875,1445.5010986328125,7820162,0.0,0.0,-0.00685425325021316,1448.2924926757812,1451.6189965820313,25.64105224609375
2024-05-29 00:00:00+05:30,1446.5,1458.0,1438.449951171875,1440.7750244140625,1430.1895751953125,7383556,0.0,0.0,-0.010592588432240535,1450.3625,1450.92599609375,24.505344935825892
2024-05-30 00:00:00+05:30,1435.5,1440.4000244140625,1420.0999755859375,1424.8499755859375,1414.3814697265625,13206858,0.0,0.0,-0.011053112774911833,1451.2199951171874,1450.7794946289061,23.544634137834823
2024-05-31 00:00:00+05:30,1431.300048828125,1442.25,1422.25,1430.4000244140625,1419.8907470703125,31069832,0.0,0.0,0.00389518119326393,1451.725,1450.7579956054688,23.407130650111608
2024-06-03 00:00:00+05:30,1483.0,1514.5,1459.0,1510.324951171875,1499.228515625,21527942,0.0,0.0,0.05587592658952323,1459.1875,1452.5999951171875,25.7303466796875
2024-06-04 00:00:00+05:30,1498.050048828125,1498.050048828125,1359.300048828125,1397.2750244140625,1387.0091552734375,36709098,0.0,0.0,-0.07485139318535128,1455.3025024414062,1451.75599609375,33.70892333984375
2024-06-05 00:00:00+05:30,1422.0,1431.1500244140625,1384.0999755859375,1420.75,1410.3116455078125,17464890,0.0,0.0,0.01680054046323609,1451.3125,1451.66599609375,35.85893031529018
2024-06-06 00:00:00+05:30,1435.0,1443.699951171875,1421.3499755859375,1431.5999755859375,1421.0819091796875,17855722,0.0,0.0,0.007636794359273225,1445.8674926757812,1451.4229956054687,35.350001743861604
2024-06-07 00:00:00+05:30,1428.5,1472.0,1426.5,1469.949951171875,1459.1500244140625,18558696,0.0,0.0,0.02678819240007413,1444.8374877929687,1451.8024951171874,36.889290945870535
2024-06-10 00:00:00+05:30,1469.949951171875,1493.3499755859375,1468.074951171875,1471.4000244140625,1460.5894775390625,9251760,0.0,0.0,0.000986477968880184,1445.352490234375,1452.1299951171875,37.53572300502232
2024-06-11 00:00:00+05:30,1469.0,1473.675048828125,1454.675048828125,1456.675048828125,1445.9727783203125,11774902,0.0,0.0,-0.010007459114866668,1445.4,1452.4319970703125,36.571437290736604
2024-06-12 00:00:00+05:30,1457.5,1476.0,1455.175048828125,1463.324951171875,1452.5738525390625,10081742,0.0,0.0,0.0045651240811048766,1447.6549926757812,1451.8414965820311,35.40000697544643
2024-06-13 00:00:00+05:30,1472.0,1472.25,1460.0999755859375,1465.25,1454.4847412109375,9181160,0.0,0.0,0.0013155306526984045,1451.6949951171875,1451.4294970703124,35.382149832589285
2024-06-14 00:00:00+05:30,1470.0,1479.675048828125,1457.2249755859375,1477.550048828125,1466.6944580078125,8157998,0.0,0.0,0.00839450525720875,1456.4099975585937,1451.2849975585937,35.31787109375
2024-06-18 00:00:00+05:30,1487.3499755859375,1487.4000244140625,1471.3499755859375,1481.0250244140625,1470.1439208984375,7196766,0.0,0.0,0.0023518496640391184,1453.4800048828124,1451.1664990234376,34.62501743861607
2024-06-19 00:00:00+05:30,1487.5,1487.5,1456.0,1458.6500244140625,1447.9332275390625,8725874,0.0,0.0,-0.015107779835693336,1459.6175048828125,1450.9075,35.478585379464285
2024-06-20 00:00:00+05:30,1459.0,1482.8499755859375,1450.0999755859375,1473.699951171875,1462.8726806640625,16113776,0.0,0.0,0.010317709187204205,1464.9125,1451.122998046875,36.367867606026785
2024-06-21 00:00:00+05:30,1473.625,1474.699951171875,1440.574951171875,1454.199951171875,1443.515869140625,31170360,0.0,0.0,-0.013232001524118742,1467.1724975585937,1451.0049975585937,37.376796177455354
2024-06-24 00:00:00+05:30,1445.5250244140625,1449.5,1437.5,1441.4749755859375,1430.88427734375,8878386,0.0,0.0,-0.008750499252653032,1464.325,1450.1149975585938,34.2696533203125
2024-06-25 00:00:00+05:30,1443.0,1455.925048828125,1441.0,1454.1500244140625,1443.46630859375,7045386,0.0,0.0,0.008793110558837691,1462.6,1449.9249975585938,25.425013950892858
2024-06-26 00:00:00+05:30,1446.050048828125,1518.9749755859375,1445.125,1514.0250244140625,1502.9013671875,22014882,0.0,0.0,0.04117525633170227,1468.3349975585938,1450.6139990234376,27.33929443359375
2024-06-27 00:00:00+05:30,1513.75,1537.5,1506.0,1530.550048828125,1519.304931640625,28383030,0.0,0.0,0.01091463096553369,1475.0575073242187,1451.8819995117187,27.992867606026785
2024-06-28 00:00:00+05:30,1531.0250244140625,1581.0,1531.0250244140625,1565.4000244140625,1553.89892578125,28957336,0.0,0.0,0.022769575952528154,1485.072509765625,1453.8935009765626,28.312508719308035
2024-07-01 00:00:00+05:30,1562.5250244140625,1579.4000244140625,1555.675048828125,1560.1500244140625,1548.6875,7724306,0.0,0.0,-0.003353775340565135,1493.3325073242188,1455.7815014648438,28.201790945870535
2024-07-02 00:00:00+05:30,1569.5,1573.5,1557.0,1565.175048828125,1553.6756591796875,7749246,0.0,0.0,0.0032208597477345613,1501.747509765625,1457.7985034179687,28.023219517299108
2024-07-03 00:00:00+05:30,1566.324951171875,1575.0,1542.7750244140625,1552.425048828125,1541.019287109375,9049620,0.0,0.0,-0.008146053701498901,1511.1250122070312,1459.4445043945314,28.837506975446427
2024-07-04 00:00:00+05:30,1557.0,1567.5,1550.800048828125,1554.0250244140625,1542.6075439453125,6837176,0.0,0.0,0.00103062984402702,1519.15751953125,1460.9280053710938,29.162501743861608
2024-07-05 00:00:00+05:30,1553.824951171875,1598.5,1548.0,1588.625,1576.9532470703125,12269710,0.0,0.0,0.022264748020375924,1532.6000244140625,1463.5140063476563,31.166067940848215
2024-07-08 00:00:00+05:30,1589.0,1608.800048828125,1582.5250244140625,1600.9000244140625,1589.13818359375,9500806,0.0,0.0,0.007726823142064632,1548.542529296875,1466.528505859375,31.89642333984375
2024-07-09 00:00:00+05:30,1597.5999755859375,1600.5,1580.5,1590.2750244140625,1578.5911865234375,6960002,0.0,0.0,-0.006636891647177512,1562.155029296875,1469.1345068359376,31.074994768415177
2024-07-10 00:00:00+05:30,1595.0,1597.5,1563.1500244140625,1584.2249755859375,1572.5855712890625,7134578,0.0,0.0,-0.0038044041032173626,1569.1750244140626,1471.7680053710938,31.189278738839285
2024-07-11 00:00:00+05:30,1587.5,1604.25,1570.5,1580.6500244140625,1569.036865234375,11940946,0.0,0.0,-0.002256593114593919,1574.1850219726562,1474.0805053710938,31.162493024553573
2024-07-12 00:00:00+05:30,1584.5,1605.1500244140625,1574.5,1596.7249755859375,1584.9937744140625,12924784,0.0,0.0,0.010169835778691017,1577.3175170898437,1476.6750048828126,32.494637625558035
2024-07-15 00:00:00+05:30,1604.449951171875,1605.8499755859375,1585.5,1597.2249755859375,1585.4901123046875,5329688,0.0,0.0,0.0003131409651913053,1581.0250122070313,1479.2885034179687,32.882132393973215
2024-07-16 00:00:00+05:30,1593.5,1600.0,1569.125,1576.25,1564.669189453125,9386838,0.0,0.0,-0.013132135989949001,1582.1325073242188,1482.1335034179688,29.812491280691965
2024-07-18 00:00:00+05:30,1576.0,1593.9000244140625,1557.824951171875,1586.675048828125,1575.0177001953125,12298374,0.0,0.0,0.0066138295499602595,1585.5575073242187,1485.47650390625,30.1392822265625
2024-07-19 00:00:00+05:30,1586.0,1589.9749755859375,1552.800048828125,1555.1500244140625,1543.7242431640625,13140390,0.0,0.0,-0.019868607902636448,1585.6700073242187,1488.5500048828126,29.224993024553573
2024-07-22 00:00:00+05:30,1537.25,1537.5,1499.2750244140625,1500.675048828125,1489.6495361328125,19674376,0.0,0.0,-0.035028759110531604,1576.8750122070312,1490.1925048828125,30.260707310267858
2024-07-23 00:00:00+05:30,1501.0,1505.75,1463.0,1487.9000244140625,1476.96826171875,18052044,0.0,0.0,-0.00851285188225026,1565.5750122070312,1492.0680053710937,32.135707310267854
2024-07-24 00:00:00+05:30,1485.0,1509.5,1476.4000244140625,1495.699951171875,1484.7109375,11913362,0.0,0.0,0.005242238476932615,1556.1175048828125,1493.8335034179688,32.198207310267854
2024-07-25 00:00:00+05:30,1481.0,1500.4749755859375,1477.074951171875,1492.4000244140625,1481.4351806640625,12519876,0.0,0.0,-0.0022062759012775324,1546.935009765625,1495.6275048828124,32.676783970424104
2024-07-26 00:00:00+05:30,1492.4000244140625,1512.425048828125,1490.3499755859375,1509.0250244140625,1497.9381103515625,9859940,0.0,0.0,0.011139774677052294,1539.772509765625,1497.4065063476562,30.646432059151785
2024-07-29 00:00:00+05:30,1511.949951171875,1527.5,1511.7750244140625,1520.0999755859375,1508.9317626953125,7538550,0.0,0.0,0.007339143481848609,1532.110009765625,1499.4830053710937,29.892857142857142
2024-07-30 00:00:00+05:30,1517.0250244140625,1525.0,1510.0,1513.1500244140625,1502.03271484375,8228208,0.0,0.0,-0.004572035578907285,1523.7025146484375,1501.2390063476562,29.535714285714285
2024-07-31 00:00:00+05:30,1504.0,1510.449951171875,1501.1500244140625,1505.425048828125,1494.364501953125,10057346,0.0,0.0,-0.005105227810394353,1516.62001953125,1502.6335083007812,27.746425083705358
2024-08-01 00:00:00+05:30,1512.0,1518.0,1504.300048828125,1515.300048828125,1504.1671142578125,10764222,0.0,0.0,0.00655960919986498,1509.48251953125,1504.2170092773438,26.314278738839285
2024-08-02 00:00:00+05:30,1505.0,1509.324951171875,1493.2750244140625,1499.324951171875,1488.3092041015625,10268248,0.0,0.0,-0.010542530945342854,1503.9000122070313,1504.9905078125,25.271414620535715
2024-08-05 00:00:00+05:30,1480.0,1483.9000244140625,1433.25,1447.324951171875,1436.6912841796875,17046704,0.0,0.0,-0.03468227481931563,1498.5650024414062,1504.216005859375,27.435703822544642
2024-08-06 00:00:00+05:30,1455.1500244140625,1477.5,1451.324951171875,1456.050048828125,1445.3524169921875,10236186,0.0,0.0,0.006028430346056934,1495.3800048828125,1503.7320068359375,27.099993024553573
2024-08-07 00:00:00+05:30,1469.0,1472.5,1461.5,1464.824951171875,1454.062744140625,8174568,0.0,0.0,0.006026511486203701,1492.2925048828124,1503.703505859375,25.308916364397323
2024-08-08 00:00:00+05:30,1457.5250244140625,1465.0,1445.925048828125,1449.125,1438.478271484375,12387192,0.0,0.0,-0.010717970880626315,1487.9650024414063,1503.5620068359376,24.016060965401785
2024-08-09 00:00:00+05:30,1460.0,1476.5,1456.0,1474.300048828125,1463.46826171875,6249776,0.0,0.0,0.017372586097213816,1484.4925048828125,1504.2325073242187,22.749991280691965
2024-08-12 00:00:00+05:30,1470.0,1473.0,1457.75,1460.625,1449.8936767578125,8184584,0.0,0.0,-0.009275621227167963,1478.5450073242187,1504.9480078125,20.78570556640625
2024-08-13 00:00:00+05:30,1460.75,1470.074951171875,1458.0,1463.625,1452.8717041015625,6265064,0.0,0.0,0.0020539152759948553,1473.5925048828126,1505.6125073242188,19.283918108258927
2024-08-14 00:00:00+05:30,1463.550048828125,1472.0,1453.699951171875,1461.8499755859375,1451.1097412109375,6267466,0.0,0.0,-0.001212759015500886,1469.2349975585937,1504.6430078125,18.919634137834823
2024-08-16 00:00:00+05:30,1468.6500244140625,1480.4000244140625,1458.050048828125,1478.199951171875,1467.339599609375,9416902,0.0,0.0,0.011184441535722067,1465.5249877929687,1506.2615063476562,18.93927001953125
2024-08-19 00:00:00+05:30,1482.5,1498.300048828125,1480.5,1488.4000244140625,1482.4791259765625,13797742,5.0,0.0,0.006900333905505152,1464.4324951171875,1507.6145068359374,19.087489536830358
2024-08-20 00:00:00+05:30,1497.2249755859375,1503.925048828125,1490.0250244140625,1495.949951171875,1489.9990234375,8411808,0.0,0.0,0.005072511847602712,1469.2949951171875,1508.9015063476563,19.008919852120535
2024-08-21 00:00:00+05:30,1493.25,1507.875,1490.0,1498.675048828125,1492.7132568359375,7769996,0.0,0.0,0.0018216502859038641,1473.5574951171875,1509.4760083007814,19.621425083705358
2024-08-22 00:00:00+05:30,1503.0,1506.5,1490.6500244140625,1498.125,1492.1654052734375,10445782,0.0,0.0,-0.0003670234108155146,1476.8875,1510.0105078125,19.774998256138392
2024-08-23 00:00:00+05:30,1503.75,1511.324951171875,1498.425048828125,1499.9749755859375,1494.008056640625,9249654,0.0,0.0,0.0012348606330829792,1481.9724975585937,1510.8765063476562,19.549996512276785
2024-08-26 00:00:00+05:30,1506.9749755859375,1523.0,1503.0,1512.5999755859375,1506.5828857421875,8816114,0.0,0.0,0.008416807083777123,1485.802490234375,1511.8620068359376,17.360709054129465
2024-08-27 00:00:00+05:30,1510.5,1513.4749755859375,1499.449951171875,1500.449951171875,1494.481201171875,6251156,0.0,0.0,-0.008032543045199958,1489.7849853515625,1512.566005859375,16.492850167410715
2024-08-28 00:00:00+05:30,1505.0,1507.4749755859375,1493.0,1498.300048828125,1492.33984375,9610286,0.0,0.0,-0.001432838424281213,1493.252490234375,1512.981005859375,16.741062709263392
2024-08-29 00:00:00+05:30,1503.0999755859375,1537.0,1494.0,1520.925048828125,1514.874755859375,38335358,0.0,0.0,0.015100446681354462,1499.1599975585937,1513.7790063476561,18.449994768415177
2024-08-30 00:00:00+05:30,1534.0,1539.7249755859375,1503.324951171875,1509.625,1503.6197509765625,41620730,0.0,0.0,-0.0074297210351237375,1502.3025024414062,1514.798505859375,19.585710797991073
2024-09-02 00:00:00+05:30,1510.875,1526.800048828125,1506.625,1516.25,1510.2183837890625,11240852,0.0,0.0,0.004388507079572834,1505.0875,1515.6495068359375,19.9375
2024-09-03 00:00:00+05:30,1521.25,1523.0,1507.5,1509.125,1503.1217041015625,10923800,0.0,0.0,-0.004699093157460865,1506.4050048828126,1516.7480078125,20.182146344866073
2024-09-04 00:00:00+05:30,1500.699951171875,1517.5,1499.5,1514.550048828125,1508.525146484375,11983304,0.0,0.0,0.0035948306655346762,1507.9925048828125,1518.2095092773438,20.160714285714285
2024-09-05 00:00:00+05:30,1519.050048828125,1525.7750244140625,1487.050048828125,1492.9749755859375,1487.035888671875,16264168,0.0,0.0,-0.014245203226450731,1507.4775024414062,1518.9860083007814,21.330357142857142
2024-09-06 00:00:00+05:30,1492.5,1497.0,1461.625,1464.824951171875,1458.997802734375,19394228,0.0,0.0,-0.01885498744077385,1503.9625,1518.0020068359374,22.585710797991073
2024-09-09 00:00:00+05:30,1466.5,1469.925048828125,1455.5999755859375,1462.449951171875,1456.63232421875,9010298,0.0,0.0,-0.0016213541407115173,1498.9474975585938,1516.6400048828125,22.616071428571427
2024-09-10 00:00:00+05:30,1460.5,1472.050048828125,1457.574951171875,1461.5250244140625,1455.7110595703125,10768260,0.0,0.0,-0.0006324501956948003,1495.0550048828125,1514.5625048828124,22.373221261160715
2024-09-11 00:00:00+05:30,1463.050048828125,1468.75,1447.550048828125,1451.5,1445.7259521484375,9760202,0.0,0.0,-0.006859290293768083,1490.375,1512.3895043945313,22.755362374441965
2024-09-12 00:00:00+05:30,1457.0,1486.0,1445.875,1479.800048828125,1473.913330078125,22349376,0.0,0.0,0.01949710563425766,1486.2625,1510.6820043945313,24.70001220703125
2024-09-13 00:00:00+05:30,1476.4000244140625,1483.1500244140625,1469.5,1472.625,1466.766845703125,8711328,0.0,0.0,-0.004848661029445811,1482.5625,1509.0860034179686,24.246442522321427
2024-09-16 00:00:00+05:30,1477.550048828125,1480.9000244140625,1464.75,1471.3499755859375,1465.4969482421875,5481774,0.0,0.0,-0.0008658174444019506,1478.0724975585938,1507.4325024414063,24.398228236607142
2024-09-17 00:00:00+05:30,1474.0,1477.4749755859375,1466.625,1472.300048828125,1466.4432373046875,5935328,0.0,0.0,0.0006457153348640166,1474.3900024414063,1505.1060034179689,24.139299665178573
2024-09-18 00:00:00+05:30,1470.0,1482.0,1460.550048828125,1463.449951171875,1457.6282958984375,8574714,0.0,0.0,-0.006011069321972928,1469.2799926757812,1502.357001953125,22.600010463169642
2024-09-19 00:00:00+05:30,1466.25,1476.5,1455.550048828125,1469.675048828125,1463.82861328125,16955902,0.0,0.0,0.004253714075609594,1466.95,1499.9450024414064,21.496433803013392
2024-09-20 00:00:00+05:30,1474.0,1495.0,1471.375,1485.925048828125,1480.0140380859375,30897320,0.0,0.0,0.011056865946630356,1469.060009765625,1497.97900390625,21.74285888671875
2024-09-23 00:00:00+05:30,1491.0,1501.5,1488.949951171875,1493.375,1487.434326171875,8832314,0.0,0.0,0.005013678972402014,1472.1525146484375,1496.2335034179687,21.532148088727677
2024-09-24 00:00:00+05:30,1488.5,1500.5,1487.875,1489.375,1483.4501953125,17137444,0.0,0.0,-0.0026784966937306587,1474.9375122070312,1494.08650390625,21.148219517299108
2024-09-25 00:00:00+05:30,1483.9000244140625,1496.5,1480.199951171875,1493.949951171875,1488.0069580078125,7069002,0.0,0.0,0.0030717255035668245,1479.1825073242187,1492.0210034179688,19.546439034598215
2024-09-26 00:00:00+05:30,1490.6500244140625,1504.0,1488.050048828125,1497.949951171875,1491.9910888671875,18818998,0.0,0.0,0.0026774658661505857,1480.9974975585938,1490.4550024414064,18.158935546875
2024-09-27 00:00:00+05:30,1499.0,1533.4749755859375,1492.0,1526.175048828125,1520.1038818359375,20597478,0.0,0.0,0.01884248377869291,1486.3525024414062,1489.2450024414063,20.098214285714285
2024-09-30 00:00:00+05:30,1519.4000244140625,1524.9749755859375,1474.4000244140625,1476.574951171875,1470.701171875,27008814,0.0,0.0,-0.032499612475210826,1486.875,1487.6735009765625,22.676775251116073
2024-10-01 00:00:00+05:30,1480.6500244140625,1487.949951171875,1462.824951171875,1464.824951171875,1458.997802734375,16431642,0.0,0.0,-0.007957604854853195,1486.127490234375,1486.9564990234376,22.957135881696427
2024-10-03 00:00:00+05:30,1436.574951171875,1449.4000244140625,1402.074951171875,1406.9749755859375,1401.3780517578125,37757294,0.0,0.0,-0.03949275682371256,1480.4799926757812,1485.337998046875,23.471426827566965
2024-10-04 00:00:00+05:30,1403.925048828125,1417.3499755859375,1381.7750244140625,1386.5250244140625,1381.0093994140625,37072876,0.0,0.0,-0.0145346943099387,1472.164990234375,1483.1544995117188,25.037493024553573
2024-10-07 00:00:00+05:30,1393.5,1396.5,1361.375,1370.7249755859375,1365.272216796875,22181340,0.0,0.0,-0.011395429977761884,1460.6449829101562,1480.7209985351562,26.392848423549108
2024-10-08 00:00:00+05:30,1372.9749755859375,1401.0,1365.0999755859375,1397.3499755859375,1391.791259765625,17020808,0.0,0.0,0.019424027776701713,1451.04248046875,1478.4874975585938,28.182137625558035
2024-10-09 00:00:00+05:30,1397.5250244140625,1400.9749755859375,1372.5,1374.5999755859375,1369.1318359375,14310610,0.0,0.0,-0.01628081754569788,1439.5649780273438,1475.5774975585937,28.683925083705358
2024-10-10 00:00:00+05:30,1380.0250244140625,1386.0,1369.425048828125,1371.050048828125,1365.595947265625,22358646,0.0,0.0,-0.0025825162380781475,1427.2749877929687,1472.735498046875,28.371425083705358
2024-10-11 00:00:00+05:30,1370.0,1383.2750244140625,1368.824951171875,1372.0999755859375,1366.6417236328125,7980122,0.0,0.0,0.000765782954976757,1414.689990234375,1470.0689965820313,27.716073172433035
2024-10-14 00:00:00+05:30,1379.449951171875,1380.074951171875,1368.25,1372.5250244140625,1367.0650634765625,12221432,0.0,0.0,0.00030977977967205916,1399.3249877929688,1467.21349609375,27.664280482700892
2024-10-15 00:00:00+05:30,1358.5250244140625,1371.699951171875,1340.699951171875,1344.0250244140625,1338.678466796875,33762794,0.0,0.0,-0.02076464872628958,1386.0699951171875,1464.1074975585936,28.976780482700892
2024-10-16 00:00:00+05:30,1340.0,1364.0,1337.625,1354.074951171875,1348.6884765625,20034438,0.0,0.0,0.007477484849803151,1374.9949951171875,1462.2424975585936,29.696419852120535
2024-10-17 00:00:00+05:30,1365.699951171875,1368.449951171875,1352.050048828125,1356.425048828125,1351.0291748046875,15543660,0.0,0.0,0.0017355742783780048,1369.9400024414062,1460.2499975585938,29.728559221540177
2024-10-18 00:00:00+05:30,1352.175048828125,1368.425048828125,1341.324951171875,1359.300048828125,1353.8927001953125,12082452,0.0,0.0,0.002119542102590799,1367.2175048828126,1458.1394995117187,28.7017822265625
2024-10-21 00:00:00+05:30,1367.125,1374.0,1357.7249755859375,1369.199951171875,1363.7532958984375,14067408,0.0,0.0,0.007283088345567901,1367.0650024414062,1456.5409985351562,26.251787458147323
2024-10-22 00:00:00+05:30,1369.199951171875,1376.0,1340.2249755859375,1343.3499755859375,1338.006103515625,15831960,0.0,0.0,-0.018879620587053725,1361.6650024414062,1453.9219970703125,27.012503487723215
2024-10-23 00:00:00+05:30,1337.5,1357.4749755859375,1335.0,1338.5250244140625,1333.2003173828125,17214742,0.0,0.0,-0.0035917305687749312,1358.0575073242187,1451.4799975585938,25.237496512276785
2024-10-24 00:00:00+05:30,1335.2750244140625,1343.699951171875,1323.125,1339.800048828125,1334.4703369140625,22155934,0.0,0.0,0.0009525592654651138,1354.9325073242187,1449.0034985351563,24.166067940848215
2024-10-25 00:00:00+05:30,1343.5,1344.3499755859375,1322.0,1327.8499755859375,1322.5677490234375,18597496,0.0,0.0,-0.008919296019312628,1350.5075073242188,1446.3234985351562,23.253566196986608
2024-10-28 00:00:00+05:30,1337.0,1353.0,1322.0999755859375,1334.3499755859375,1329.0418701171875,10824350,0.0,2.0,0.004895131317174339,1346.6900024414062,1443.4464990234376,22.89642333984375
2024-10-29 00:00:00+05:30,1328.0999755859375,1343.199951171875,1320.300048828125,1340.0,1334.66943359375,12008361,0.0,0.0,0.004234289742150565,1346.2875,1440.4784985351562,22.498203822544642
2024-10-30 00:00:00+05:30,1335.0,1350.0,1325.3499755859375,1343.9000244140625,1338.553955078125,11984423,0.0,0.0,0.002910465980643595,1345.2700073242188,1437.4375,23.074994768415177
2024-10-31 00:00:00+05:30,1340.0,1343.0,1326.1500244140625,1332.050048828125,1326.7510986328125,9331650,0.0,0.0,-0.008817602031895189,1342.8325073242188,1434.105,23.246416364397323
2024-11-01 00:00:00+05:30,1333.050048828125,1341.949951171875,1333.0,1338.6500244140625,1333.3248291015625,2127335,0.0,0.0,0.004954750455318013,1340.7675048828125,1430.9155004882812,23.041059221540177
2024-11-04 00:00:00+05:30,1337.8499755859375,1340.0,1285.0999755859375,1302.1500244140625,1296.9700927734375,19796890,0.0,0.0,-0.027266275228266856,1334.0625122070312,1426.9590014648438,24.748203822544642
2024-11-05 00:00:00+05:30,1293.0,1309.550048828125,1286.1500244140625,1305.300048828125,1300.1075439453125,16267479,0.0,0.0,0.00241909484698577,1330.25751953125,1422.8130029296874,24.53570556640625
2024-11-06 00:00:00+05:30,1310.0,1328.300048828125,1300.199951171875,1325.3499755859375,1320.0777587890625,21625209,0.0,0.0,0.015360396849607882,1328.9400146484375,1419.3110034179688,25.371433803013392
2024-11-07 00:00:00+05:30,1324.0,1324.0,1302.5999755859375,1305.6500244140625,1300.4561767578125,9611974,0.0,0.0,-0.014863961621280897,1325.5250122070313,1415.4580029296876,24.964285714285715
2024-11-08 00:00:00+05:30,1297.6500244140625,1301.6500244140625,1275.0,1283.75,1278.6431884765625,19814406,0.0,0.0,-0.016773273085864293,1321.1150146484374,1410.714501953125,25.705357142857142
2024-11-11 00:00:00+05:30,1278.949951171875,1286.0,1267.0,1272.699951171875,1267.6370849609375,9056552,0.0,0.0,-0.008607632972249313,1314.9500122070312,1405.9760009765625,24.50714111328125
2024-11-12 00:00:00+05:30,1275.550048828125,1289.300048828125,1267.5,1274.25,1269.1810302734375,10671091,0.0,0.0,0.0012179216528591663,1308.3750122070312,1401.1360009765624,24.458932059151785
2024-11-13 00:00:00+05:30,1270.25,1275.449951171875,1249.5,1252.050048828125,1247.0693359375,14633633,0.0,0.0,-0.01742197462968409,1299.1900146484375,1395.994501953125,24.842860630580358
2024-11-14 00:00:00+05:30,1253.5999755859375,1272.5999755859375,1251.0999755859375,1267.5999755859375,1262.5574951171875,12612633,0.0,0.0,0.012419572821682934,1292.7450073242187,1391.0555004882813,24.782148088727677
2024-11-18 00:00:00+05:30,1267.5999755859375,1272.9000244140625,1243.9000244140625,1260.75,1255.7347412109375,13620611,0.0,0.0,-0.005403893750290711,1284.9550048828125,1386.4110009765625,24.646432059151785
2024-11-19 00:00:00+05:30,1260.75,1281.5,1235.1500244140625,1241.6500244140625,1236.710693359375,14183746,0.0,0.0,-0.015149693108021056,1278.9050048828126,1381.9475024414062,26.321437290736608
2024-11-21 00:00:00+05:30,1241.6500244140625,1243.949951171875,1217.25,1223.0,1218.1348876953125,19433843,0.0,0.0,-0.015020355210691116,1270.675,1377.1585034179689,26.467860630580358
2024-11-22 00:00:00+05:30,1229.4000244140625,1268.8499755859375,1222.449951171875,1265.4000244140625,1260.3662109375,20471957,0.0,0.0,0.03466886705974037,1264.6800048828125,1373.2360034179687,28.578578404017858
2024-11-25 00:00:00+05:30,1290.0,1304.449951171875,1282.449951171875,1287.0,1281.8802490234375,28923341,0.0,0.0,0.017069681657339464,1262.8150024414062,1369.9460034179688,29.510724748883927
2024-11-26 00:00:00+05:30,1294.949951171875,1297.8499755859375,1284.199951171875,1295.699951171875,1290.545654296875,9247557,0.0,0.0,0.006759868820415793,1264.0099975585938,1366.2640014648437,26.564296177455358
2024-11-27 00:00:00+05:30,1293.5,1303.8499755859375,1286.0,1293.199951171875,1288.0555419921875,9572746,0.0,0.0,-0.0019294590524132627,1266.0599975585938,1362.6755004882812,26.167864118303573
2024-11-28 00:00:00+05:30,1289.949951171875,1296.5999755859375,1269.050048828125,1270.800048828125,1265.7447509765625,15027412,0.0,0.0,-0.017321298476273173,1265.7150024414063,1358.664501953125,26.128566196986608
2024-11-29 00:00:00+05:30,1280.0,1299.5,1275.25,1292.199951171875,1287.0595703125,13202307,0.0,0.0,0.01683970846828653,1269.7299926757812,1355.0625,26.332135881696427
2024-12-02 00:00:00+05:30,1288.0,1311.3499755859375,1277.050048828125,1309.1500244140625,1303.9422607421875,11024152,0.0,0.0,0.01311722170149876,1273.8849975585938,1351.9765014648438,26.878557477678573
2024-12-03 00:00:00+05:30,1317.0,1326.800048828125,1307.0,1323.300048828125,1318.035888671875,16869482,0.0,0.0,0.010808558339519214,1280.1400024414063,1349.0490014648437,26.935703822544642
2024-12-04 00:00:00+05:30,1326.0,1328.4000244140625,1304.050048828125,1308.949951171875,1303.742919921875,19608540,0.0,0.0,-0.010844175263923006,1286.8699951171875,1345.5094995117188,27.117841448102677
2024-12-05 00:00:00+05:30,1314.3499755859375,1329.949951171875,1306.1500244140625,1322.050048828125,1316.7908935546875,16858723,0.0,0.0,0.010008096676669576,1296.775,1342.0830004882812,26.964268275669642
2024-12-06 00:00:00+05:30,1323.9000244140625,1323.9000244140625,1310.0,1311.550048828125,1306.3326416015625,9037514,0.0,0.0,-0.00794221066691636,1301.3900024414063,1338.5265014648437,26.421412876674108
2024-12-09 00:00:00+05:30,1303.0,1315.0,1293.0999755859375,1295.1500244140625,1289.9979248046875,14650002,0.0,0.0,-0.012504306967710432,1302.2050048828125,1334.5505029296876,25.914271763392858
2024-12-10 00:00:00+05:30,1289.25,1294.9000244140625,1280.199951171875,1284.8499755859375,1279.73876953125,16043729,0.0,0.0,-0.007952784336922591,1301.1200073242187,1330.2885034179687,23.653564453125
2024-12-11 00:00:00+05:30,1285.0,1290.0,1276.050048828125,1278.199951171875,1273.115234375,11724373,0.0,0.0,-0.005175720543583173,1299.6200073242187,1325.3290014648437,22.742850167410715
2024-12-12 00:00:00+05:30,1270.0,1278.199951171875,1260.5999755859375,1262.9000244140625,1257.876220703125,20906813,0.0,0.0,-0.01196990090931016,1298.8300048828125,1321.0555029296875,20.685703822544642
2024-12-13 00:00:00+05:30,1260.0,1275.199951171875,1239.5999755859375,1272.8499755859375,1267.78662109375,28630222,0.0,0.0,0.007878653083795317,1296.8950073242188,1317.2160034179688,21.657130650111608
2024-12-16 00:00:00+05:30,1275.0,1281.0,1266.550048828125,1268.300048828125,1263.2547607421875,9486781,0.0,0.0,-0.003574597827774695,1292.810009765625,1314.4425048828125,21.714268275669642
2024-12-17 00:00:00+05:30,1261.050048828125,1263.9000244140625,1242.800048828125,1245.300048828125,1240.34619140625,17462791,0.0,0.0,-0.018134510064279685,1285.010009765625,1311.6180053710937,21.9464111328125
2024-12-18 00:00:00+05:30,1240.6500244140625,1259.949951171875,1240.6500244140625,1253.25,1248.2645263671875,12670179,0.0,0.0,0.006383964394248709,1279.4400146484375,1309.268505859375,21.357125418526785
2024-12-19 00:00:00+05:30,1239.0,1244.9000244140625,1229.0,1230.449951171875,1225.55517578125,14244653,0.0,0.0,-0.018192737943846016,1270.2800048828126,1305.9305053710937,20.760698590959823
2024-12-20 00:00:00+05:30,1224.0,1239.5,1201.5,1205.300048828125,1200.50537109375,20312896,0.0,0.0,-0.020439597985921654,1259.6550048828126,1302.5445068359375,21.024989536830358
2024-12-23 00:00:00+05:30,1215.0,1227.199951171875,1213.199951171875,1222.300048828125,1217.437744140625,10052824,0.0,0.0,0.014104371784045444,1252.3700073242187,1299.5695068359375,20.610700334821427
2024-12-24 00:00:00+05:30,1222.300048828125,1233.550048828125,1221.0,1222.75,1217.8858642578125,6734917,0.0,0.0,0.0003681184274730853,1246.160009765625,1296.5825073242188,19.767848423549108
2024-12-26 00:00:00+05:30,1224.25,1227.699951171875,1214.25,1216.550048828125,1211.7105712890625,10016178,0.0,0.0,-0.005070497789306905,1239.99501953125,1293.4630078125,19.028564453125
2024-12-27 00:00:00+05:30,1218.300048828125,1227.9000244140625,1217.0,1221.050048828125,1216.1927490234375,7000397,0.0,0.0,0.003698984685697626,1235.8100219726562,1291.0035083007813,18.814278738839285
2024-12-30 00:00:00+05:30,1216.4000244140625,1223.199951171875,1208.0999755859375,1210.699951171875,1205.8837890625,8818766,0.0,0.0,-0.00847639100967501,1229.59501953125,1288.1360083007812,18.328560965401785
2024-12-31 00:00:00+05:30,1208.0,1219.0999755859375,1206.1500244140625,1215.449951171875,1210.6148681640625,6405475,0.0,0.0,0.003923350286255678,1224.310009765625,1285.3165063476563,18.20355224609375
2025-01-01 00:00:00+05:30,1214.8499755859375,1226.300048828125,1211.5999755859375,1221.25,1216.391845703125,5892590,0.0,0.0,0.004771935547434936,1221.9050048828126,1282.5555053710937,18.257132393973215
2025-01-02 00:00:00+05:30,1221.25,1244.449951171875,1220.0,1241.800048828125,1236.860107421875,15486276,0.0,0.0,0.016827061476458516,1220.760009765625,1280.0075073242188,18.746416364397323
2025-01-03 00:00:00+05:30,1243.9000244140625,1262.050048828125,1235.5,1251.1500244140625,1246.1729736328125,15521102,0.0,0.0,0.007529372860599404,1222.8300170898438,1278.1635083007814,18.099993024553573
2025-01-06 00:00:00+05:30,1253.949951171875,1262.0,1215.0,1218.0,1213.15478515625,14816766,0.0,0.0,-0.02649564302217655,1224.1000122070313,1275.7530078125,20.424996512276785
2025-01-07 00:00:00+05:30,1222.0,1244.5,1221.25,1240.8499755859375,1235.913818359375,10070505,0.0,0.0,0.018760242681393757,1225.9550048828125,1273.7740063476563,20.578569684709823
2025-01-08 00:00:00+05:30,1249.0,1271.050048828125,1245.3499755859375,1265.5,1260.4658203125,19346579,0.0,0.0,0.019865434902734735,1230.2300048828124,1272.5270068359375,21.035723005022323
2025-01-09 00:00:00+05:30,1267.0,1269.75,1248.050048828125,1254.75,1249.758544921875,12794704,0.0,0.0,-0.008494666139865714,1234.05,1270.9350073242188,21.450003487723215
2025-01-10 00:00:00+05:30,1253.8499755859375,1256.75,1236.0,1241.9000244140625,1236.959716796875,8120332,0.0,0.0,-0.010241064423939017,1236.1349975585938,1268.9730078125,20.217860630580358
2025-01-13 00:00:00+05:30,1230.0,1245.25,1226.4000244140625,1239.8499755859375,1234.9178466796875,13764861,0.0,0.0,-0.0016507357982316062,1239.05,1266.8920068359375,20.564287458147323
2025-01-14 00:00:00+05:30,1244.0999755859375,1253.3499755859375,1227.25,1238.75,1233.822265625,13095266,0.0,0.0,-0.0008871844235974757,1241.3800048828125,1265.026005859375,21.532139369419642
2025-01-15 00:00:00+05:30,1244.949951171875,1257.0,1241.8499755859375,1252.199951171875,1247.2186279296875,9578856,0.0,0.0,0.010857680058022234,1244.475,1263.2970043945313,21.653573172433035
2025-01-16 00:00:00+05:30,1258.9000244140625,1275.0,1251.300048828125,1266.449951171875,1261.4119873046875,14117603,0.0,0.0,0.011379971694348123,1246.939990234375,1262.5830029296876,22.567853655133927
2025-01-17 00:00:00+05:30,1322.25,1326.0,1285.0,1302.3499755859375,1297.169189453125,29366277,0.0,0.0,0.028346974454729557,1252.0599853515625,1262.5240014648436,24.417855398995535
2025-01-20 00:00:00+05:30,1316.0,1316.0,1300.25,1305.449951171875,1300.2568359375,14040244,0.0,0.0,0.002380293810458234,1260.80498046875,1262.1260009765624,24.61785888671875
2025-01-21 00:00:00+05:30,1310.5,1313.0,1270.199951171875,1273.699951171875,1268.6331787109375,14562976,0.0,0.0,-0.024321116233907425,1264.0899780273437,1261.4869995117188,26.625
2025-01-22 00:00:00+05:30,1278.300048828125,1282.9000244140625,1268.699951171875,1277.0999755859375,1272.0196533203125,10273590,0.0,0.0,0.0026694076661730737,1265.2499755859376,1261.3539990234376,25.892865862165177
2025-01-23 00:00:00+05:30,1270.0,1277.3499755859375,1261.5999755859375,1263.6500244140625,1258.6231689453125,8720682,0.0,0.0,-0.010531635290106478,1266.1399780273437,1261.1730004882813,25.121433803013392
2025-01-24 00:00:00+05:30,1266.0,1273.0,1243.5,1246.300048828125,1241.34228515625,14235970,0.0,0.0,-0.01373004807559941,1266.57998046875,1260.6140014648438,23.871433803013392
2025-01-27 00:00:00+05:30,1239.0999755859375,1240.449951171875,1220.0,1229.3499755859375,1224.4595947265625,9536019,0.0,0.0,-0.013600314994872464,1265.52998046875,1260.16,23.671430315290177
2025-01-28 00:00:00+05:30,1238.0,1244.75,1218.5,1234.4000244140625,1229.4896240234375,10568025,0.0,0.0,0.004107901678460646,1265.0949829101562,1259.4960009765625,23.710710797991073
2025-01-29 00:00:00+05:30,1236.0,1242.75,1228.050048828125,1235.5,1230.585205078125,5928156,0.0,0.0,0.000891101396777394,1263.4249877929688,1258.9910009765624,23.210710797991073
2025-01-30 00:00:00+05:30,1235.550048828125,1257.0,1232.4000244140625,1253.050048828125,1248.0654296875,9269259,0.0,0.0,0.014204814915520059,1262.0849975585938,1259.2190014648438,23.485709054129465
2025-01-31 00:00:00+05:30,1255.8499755859375,1267.0,1249.0,1265.0999755859375,1260.0673828125,6584612,0.0,0.0,0.009616476827148057,1258.3599975585937,1260.0610009765626,23.424996512276785
2025-02-01 00:00:00+05:30,1265.0999755859375,1270.550048828125,1241.0,1264.5999755859375,1259.5693359375,7118453,0.0,0.0,-0.000395225681486866,1254.275,1260.045,23.671430315290177
2025-02-03 00:00:00+05:30,1251.0,1256.0,1237.550048828125,1245.9000244140625,1240.94384765625,9252345,0.0,0.0,-0.014787246190804848,1251.4950073242187,1259.2230004882813,23.907139369419642
2025-02-04 00:00:00+05:30,1248.050048828125,1288.800048828125,1246.5999755859375,1285.199951171875,1280.08740234375,16691069,0.0,0.0,0.03154340315250814,1252.3050048828125,1259.0130004882812,25.22857666015625
2025-02-05 00:00:00+05:30,1282.6500244140625,1290.5,1276.699951171875,1278.199951171875,1273.115234375,10112028,0.0,0.0,-0.005446623300613407,1253.7599975585938,1258.7130004882813,23.285723005022323
2025-02-06 00:00:00+05:30,1273.699951171875,1288.0,1270.3499755859375,1281.550048828125,1276.4520263671875,9956001,0.0,0.0,0.0026209496043076985,1257.2849975585937,1258.9280004882812,23.421439034598215
2025-02-07 00:00:00+05:30,1276.1500244140625,1283.699951171875,1262.0,1266.699951171875,1261.6610107421875,8764283,0.0,0.0,-0.011587606484685709,1261.0199951171876,1258.4180004882812,21.914289202008927
2025-02-10 00:00:00+05:30,1264.5,1266.5,1245.550048828125,1253.6500244140625,1248.6629638671875,6970972,0.0,0.0,-0.010302303040068406,1262.9449951171875,1257.3080004882813,22.39642333984375
2025-02-11 00:00:00+05:30,1264.550048828125,1264.550048828125,1230.0999755859375,1234.8499755859375,1229.937744140625,8859714,0.0,0.0,-0.014996249720420907,1262.8799926757813,1255.5389990234376,23.732142857142858
2025-02-12 00:00:00+05:30,1219.449951171875,1226.9000244140625,1193.3499755859375,1216.550048828125,1211.7105712890625,21131654,0.0,0.0,-0.014819554698641935,1259.2299926757812,1253.6910009765625,24.021432059151785
2025-02-13 00:00:00+05:30,1217.050048828125,1228.0,1212.0,1216.0999755859375,1211.2623291015625,8511216,0.0,0.0,-0.0003699586733986182,1254.3299926757813,1251.5719995117188,23.703578404017858
2025-02-14 00:00:00+05:30,1219.0,1224.0,1205.449951171875,1217.25,1212.40771484375,10298145,0.0,0.0,0.0009456660119644411,1249.5949951171874,1249.6859985351562,23.153581891741073
2025-02-17 00:00:00+05:30,1211.0999755859375,1227.5,1204.5,1224.9000244140625,1220.02734375,8166683,0.0,0.0,0.006284678097401963,1247.4949951171875,1248.2809985351562,23.746442522321427
2025-02-18 00:00:00+05:30,1224.8499755859375,1229.9000244140625,1216.0999755859375,1225.4000244140625,1220.525390625,6673250,0.0,0.0,0.0004081965793405473,1241.5150024414063,1247.0919995117188,22.975019182477677
2025-02-19 00:00:00+05:30,1219.5,1232.75,1217.550048828125,1227.449951171875,1222.567138671875,6217338,0.0,0.0,0.00167286332378902,1236.4400024414062,1246.0769995117187,22.775015694754465
2025-02-20 00:00:00+05:30,1223.949951171875,1239.3499755859375,1222.0,1233.0,1228.0950927734375,7795582,0.0,0.0,0.0045216090666884146,1231.5849975585938,1245.4789990234376,21.903581891741073
2025-02-21 00:00:00+05:30,1228.699951171875,1240.0,1222.1500244140625,1228.1500244140625,1223.264404296875,6904025,0.0,0.0,-0.003933475738797654,1227.7300048828124,1244.585,21.860726492745535
2025-02-24 00:00:00+05:30,1216.550048828125,1223.25,1210.5,1214.550048828125,1209.718505859375,7172498,0.0,0.0,-0.01107354583364184,1223.8200073242188,1243.51,19.757149832589285
2025-02-25 00:00:00+05:30,1211.0,1221.0,1201.5,1204.0,1199.21044921875,11552182,0.0,0.0,-0.008686384590165241,1220.735009765625,1242.6839990234375,20.164289202008927
2025-02-27 00:00:00+05:30,1212.800048828125,1215.0,1200.6500244140625,1207.0999755859375,1202.298095703125,11509215,0.0,0.0,0.0025747305531043096,1219.7900024414062,1241.7609985351562,19.928571428571427
2025-02-28 00:00:00+05:30,1202.0,1217.3499755859375,1193.300048828125,1200.0999755859375,1195.325927734375,23007298,0.0,0.0,-0.0057990225677886365,1218.1900024414062,1241.1539990234376,20.096426827566965
2025-03-03 00:00:00+05:30,1204.0,1206.449951171875,1156.0,1171.25,1166.5906982421875,17944938,0.0,0.0,-0.02403964350707677,1213.5900024414063,1240.472998046875,22.203569684709823
2025-03-04 00:00:00+05:30,1162.199951171875,1174.0,1159.550048828125,1161.9000244140625,1157.2779541015625,11377373,0.0,0.0,-0.00798290338180363,1207.2900024414062,1239.2649975585937,20.774989536830358
2025-03-05 00:00:00+05:30,1161.0,1183.0,1157.0,1175.5999755859375,1170.9234619140625,8664095,0.0,0.0,0.011790989658326145,1202.3099975585938,1238.3219970703126,20.235700334821427
2025-03-06 00:00:00+05:30,1197.0,1213.949951171875,1185.1500244140625,1209.5999755859375,1204.7882080078125,14468014,0.0,0.0,0.028921402437979582,1200.525,1238.1829956054687,21.149980817522323
2025-03-07 00:00:00+05:30,1216.0,1254.800048828125,1212.0,1249.800048828125,1244.828369140625,16474965,0.0,0.0,0.03323418820566215,1202.2050048828125,1238.7579956054688,22.882123674665177
2025-03-10 00:00:00+05:30,1245.0,1258.0,1235.4000244140625,1238.4000244140625,1233.4736328125,11931051,0.0,0.0,-0.009121478611520129,1203.2300048828124,1239.3119970703126,22.853550502232142
2025-03-11 00:00:00+05:30,1240.0,1249.5,1229.75,1247.300048828125,1242.3382568359375,10089838,0.0,0.0,0.007186712078977475,1206.5050048828125,1239.9489990234374,23.278547014508927
2025-03-12 00:00:00+05:30,1258.0,1263.0,1244.0,1257.050048828125,1252.0494384765625,11977555,0.0,0.0,0.007816884164448146,1211.810009765625,1240.665,23.549979073660715
2025-03-13 00:00:00+05:30,1260.050048828125,1264.1500244140625,1243.8499755859375,1247.9000244140625,1242.9359130859375,9505270,0.0,0.0,-0.0072789658793558365,1215.8900146484375,1240.7869995117187,23.760698590959823
2025-03-17 00:00:00+05:30,1242.1500244140625,1257.4000244140625,1233.0999755859375,1238.8499755859375,1233.9217529296875,16640917,0.0,0.0,-0.007252222654915319,1219.7650146484375,1240.5409985351562,24.221418108258927
2025-03-18 00:00:00+05:30,1238.8499755859375,1238.8499755859375,1238.8499755859375,1238.8499755859375,1233.9217529296875,0,0.0,0.0,0.0,1226.5250122070313,1240.957998046875,23.310703822544642
2025-03-19 00:00:00+05:30,1241.050048828125,1253.25,1238.800048828125,1247.1500244140625,1242.1888427734375,16162399,0.0,0.0,0.006699801422040075,1235.0500122070312,1241.0839990234374,22.949986049107142
2025-03-20 00:00:00+05:30,1251.8499755859375,1273.0,1250.050048828125,1269.1500244140625,1264.101318359375,15971477,0.0,0.0,0.01764021935559512,1244.4050170898438,1241.1569995117188,23.56427001953125
2025-03-21 00:00:00+05:30,1275.0,1281.0,1270.0999755859375,1276.3499755859375,1271.2725830078125,21780769,0.0,0.0,0.005673049705214428,1251.0800170898438,1241.5889990234375,22.624991280691965
2025-03-24 00:00:00+05:30,1291.0,1306.0,1284.25,1302.0999755859375,1296.920166015625,20299319,0.0,0.0,0.02017471735225196,1256.310009765625,1242.792998046875,20.574994768415177
2025-03-25 00:00:00+05:30,1307.699951171875,1307.699951171875,1282.5999755859375,1285.449951171875,1280.33642578125,13713899,0.0,0.0,-0.012787055315449214,1261.0150024414063,1243.7049975585937,21.335710797991073
2025-03-26 00:00:00+05:30,1291.0,1293.800048828125,1268.75,1273.050048828125,1267.98583984375,12074747,0.0,0.0,-0.009646351717113255,1263.5900024414063,1244.3909985351563,21.267857142857142
2025-03-27 00:00:00+05:30,1278.1500244140625,1285.0,1271.300048828125,1278.199951171875,1273.115234375,15028056,0.0,0.0,0.004045325907249708,1265.7049926757813,1244.9109985351563,20.189287458147323
2025-03-28 00:00:00+05:30,1280.0,1295.75,1269.0,1275.0999755859375,1270.027587890625,18147129,0.0,0.0,-0.002425266550116323,1268.4249877929688,1245.0839990234374,19.042855398995535
2025-04-01 00:00:00+05:30,1264.5999755859375,1277.9000244140625,1249.300048828125,1252.5999755859375,1247.6170654296875,12099648,0.0,0.0,-0.01764567518688931,1269.7999877929688,1244.0889990234375,19.471426827566965
2025-04-02 00:00:00+05:30,1247.550048828125,1255.550048828125,1243.9000244140625,1251.1500244140625,1246.1729736328125,10142590,0.0,0.0,-0.001157553249349852,1271.0299926757812,1243.0030004882813,18.892857142857142
2025-04-03 00:00:00+05:30,1233.050048828125,1251.800048828125,1233.050048828125,1248.699951171875,1243.732666015625,7434366,0.0,0.0,-0.0019582569591004573,1271.1849853515625,1242.5030004882813,18.875
2025-04-04 00:00:00+05:30,1241.0999755859375,1245.449951171875,1193.1500244140625,1204.699951171875,1199.9075927734375,17908652,0.0,0.0,-0.035236647489820916,1264.7399780273438,1241.055,21.16070556640625
2025-04-07 00:00:00+05:30,1132.199951171875,1171.25,1114.8499755859375,1165.699951171875,1161.062744140625,22156106,0.0,0.0,-0.03237320625941975,1253.6749755859375,1239.0959985351562,23.453560965401785
2025-04-08 00:00:00+05:30,1172.0,1196.5999755859375,1163.300048828125,1182.199951171875,1177.4971923828125,19555040,0.0,0.0,0.01415458582065865,1241.6849731445313,1237.8139965820312,25.832127162388392
2025-04-09 00:00:00+05:30,1169.5,1189.800048828125,1168.0,1185.3499755859375,1180.6346435546875,10223104,0.0,0.0,0.0026645445306776594,1231.6749755859375,1236.9339965820313,26.357134137834823
2025-04-11 00:00:00+05:30,1195.1500244140625,1222.6500244140625,1195.1500244140625,1218.949951171875,1214.1009521484375,11224242,0.0,0.0,0.02834603811362002,1226.2649658203125,1236.6249951171876,26.682137625558035
2025-04-15 00:00:00+05:30,1251.0,1251.0,1237.0999755859375,1240.0999755859375,1235.1668701171875,13378535,0.0,0.0,0.017351019534254997,1222.4549682617187,1236.7169946289061,26.89642333984375
2025-04-16 00:00:00+05:30,1234.0999755859375,1240.9000244140625,1229.0,1239.300048828125,1234.3701171875,8248464,0.0,0.0,-0.0006450502165638028,1218.8749755859376,1236.4419946289063,26.192853655133927
2025-04-17 00:00:00+05:30,1240.199951171875,1280.199951171875,1227.5999755859375,1274.5,1269.4300537109375,15398401,0.0,0.0,0.028403090280807897,1221.0649780273438,1236.6299951171875,28.157139369419642
2025-04-21 00:00:00+05:30,1270.0,1300.9000244140625,1267.0,1295.5,1290.346435546875,10429964,0.0,0.0,0.0164770498234601,1225.4999755859376,1237.2479956054688,28.789280482700892
2025-04-22 00:00:00+05:30,1300.0,1303.9000244140625,1286.300048828125,1291.199951171875,1286.0635986328125,13051707,0.0,0.0,-0.0033192194736588743,1229.7499755859376,1238.153994140625,29.067853655133927
2025-04-23 00:00:00+05:30,1297.0,1306.0,1285.4000244140625,1300.0,1294.82861328125,10480888,0.0,0.0,0.006815403625238803,1239.27998046875,1238.4499951171874,28.628566196986608
2025-04-24 00:00:00+05:30,1292.4000244140625,1304.5,1290.300048828125,1301.5999755859375,1296.4222412109375,10468940,0.0,0.0,0.0012307504507211853,1252.8699829101563,1238.9179956054688,27.599993024553573
2025-04-25 00:00:00+05:30,1303.5,1325.199951171875,1288.0999755859375,1300.4000244140625,1295.22705078125,14431012,0.0,0.0,-0.000921904728320877,1264.689990234375,1239.2949951171875,29.4178466796875
2025-04-28 00:00:00+05:30,1340.0,1374.5999755859375,1320.199951171875,1368.800048828125,1363.35498046875,31104496,0.0,0.0,0.052599218032837625,1283.0349975585937,1241.3369970703125,31.964276994977677
2025-04-29 00:00:00+05:30,1371.0,1410.9000244140625,1370.0,1399.699951171875,1394.1319580078125,32538970,0.0,0.0,0.022574445676126542,1301.1099975585937,1244.2579956054688,31.149998256138392
2025-04-30 00:00:00+05:30,1402.0,1412.4000244140625,1369.0,1405.0,1399.410888671875,25480745,0.0,0.0,0.003786560700875574,1317.6,1247.66099609375,30.221426827566965
2025-05-02 00:00:00+05:30,1414.0,1426.699951171875,1409.0999755859375,1419.800048828125,1414.152099609375,13007841,0.0,0.0,0.010533842582295394,1335.65,1251.72599609375,29.100001743861608
2025-05-05 00:00:00+05:30,1431.0,1439.5,1426.9000244140625,1431.300048828125,1425.6063232421875,12685649,0.0,0.0,0.00809973207811332,1351.3300048828125,1256.0299975585938,28.442853655133927
2025-05-06 00:00:00+05:30,1431.0,1432.0,1410.5999755859375,1420.9000244140625,1415.2476806640625,14084117,0.0,0.0,-0.007266138516922038,1363.8700073242187,1260.102998046875,28.00714111328125
2025-05-07 00:00:00+05:30,1420.9000244140625,1424.4000244140625,1402.699951171875,1406.0,1400.4068603515625,13440169,0.0,0.0,-0.010486328494650254,1375.3500122070313,1263.7249975585937,28.564287458147323
2025-05-08 00:00:00+05:30,1404.0999755859375,1420.800048828125,1398.0,1407.0,1401.4029541015625,16106175,0.0,0.0,0.0007112375533429027,1386.0500122070312,1267.3569970703124,29.342860630580358
2025-05-09 00:00:00+05:30,1385.5,1394.800048828125,1374.5,1377.199951171875,1371.721435546875,13668904,0.0,0.0,-0.02117984991337951,1393.610009765625,1270.3519970703126,27.035723005022323
2025-05-12 00:00:00+05:30,1400.0,1439.0,1400.0,1436.5,1430.7855224609375,10674081,0.0,0.0,0.043058416301616775,1407.2200073242188,1274.4219970703125,27.400006975446427
2025-05-13 00:00:00+05:30,1433.5,1447.699951171875,1412.4000244140625,1415.699951171875,1410.0682373046875,11407896,0.0,0.0,-0.01447967200008704,1411.9099975585937,1278.1729956054687,28.664289202008927
2025-05-14 00:00:00+05:30,1420.0,1429.9000244140625,1415.5,1424.4000244140625,1418.7337646484375,5570160,0.0,0.0,0.0061454217293615,1414.3800048828125,1282.3699951171875,28.221435546875
2025-05-15 00:00:00+05:30,1425.0,1461.4000244140625,1412.699951171875,1454.199951171875,1448.4151611328125,20177211,0.0,0.0,0.02092103780331711,1419.3,1287.373994140625,30.68572998046875
2025-05-16 00:00:00+05:30,1453.199951171875,1461.0,1447.300048828125,1456.4000244140625,1450.6064453125,9036695,0.0,0.0,0.001512909720849942,1422.9599975585938,1292.3599951171875,29.014299665178573
2025-05-19 00:00:00+05:30,1452.0999755859375,1454.5999755859375,1438.199951171875,1440.800048828125,1435.0684814453125,6195791,0.0,0.0,-0.010711326094775098,1423.9099975585937,1297.1739965820314,26.300013950892858
2025-05-20 00:00:00+05:30,1438.199951171875,1445.0,1421.800048828125,1424.5999755859375,1418.932861328125,11270560,0.0,0.0,-0.01124380392363522,1424.2799926757812,1302.24099609375,25.035723005022323
2025-05-21 00:00:00+05:30,1423.9000244140625,1436.199951171875,1418.0999755859375,1429.199951171875,1423.5145263671875,6136364,0.0,0.0,0.0032289594726726545,1426.5999877929687,1307.5869946289063,23.22857666015625
2025-05-22 00:00:00+05:30,1421.199951171875,1423.800048828125,1396.9000244140625,1409.4000244140625,1403.79345703125,12134466,0.0,0.0,-0.013853853508445368,1426.839990234375,1312.2629956054689,23.892865862165177
2025-05-23 00:00:00+05:30,1406.5999755859375,1433.800048828125,1406.5999755859375,1426.800048828125,1421.124267578125,6474883,0.0,0.0,0.012345696120798832,1431.8,1316.6069970703124,24.93572998046875
2025-05-26 00:00:00+05:30,1432.0,1441.0,1425.0999755859375,1434.800048828125,1429.0924072265625,4842944,0.0,0.0,0.005606952429368484,1431.6300048828125,1320.3069970703125,24.542872837611608
2025-05-27 00:00:00+05:30,1426.0999755859375,1437.0,1413.9000244140625,1422.0999755859375,1416.44287109375,12640414,0.0,0.0,-0.008851458607462614,1432.2700073242188,1323.98099609375,24.642865862165177
2025-05-28 00:00:00+05:30,1420.0999755859375,1422.5999755859375,1410.699951171875,1412.9000244140625,1407.279541015625,5944611,0.0,0.0,-0.0064692717318164394,1431.1200073242187,1327.2929956054688,23.864292689732142
2025-05-29 00:00:00+05:30,1412.0999755859375,1420.0,1408.5999755859375,1417.800048828125,1412.1600341796875,13771917,0.0,0.0,0.003468061667062816,1427.4800170898438,1330.5079956054688,23.22857666015625
2025-05-30 00:00:00+05:30,1418.0,1430.5999755859375,1409.699951171875,1420.9000244140625,1415.2476806640625,13788484,0.0,0.0,0.0021864688102526397,1423.9300170898437,1333.9679956054688,21.935721261160715
2025-06-02 00:00:00+05:30,1412.0999755859375,1417.5,1395.5999755859375,1413.699951171875,1408.0762939453125,8098668,0.0,0.0,-0.005067262381923454,1421.2200073242188,1337.4649951171875,20.978585379464285
2025-06-03 00:00:00+05:30,1422.300048828125,1426.5,1403.4000244140625,1405.5,1399.908935546875,11252626,0.0,0.0,-0.005800347637472614,1419.310009765625,1340.7979956054687,21.600010463169642
2025-06-04 00:00:00+05:30,1414.699951171875,1425.699951171875,1406.0999755859375,1423.5,1417.8372802734375,8126827,0.0,0.0,0.012806830309498363,1418.7400146484374,1344.3249951171874,19.521432059151785
2025-06-05 00:00:00+05:30,1428.0,1454.699951171875,1423.5999755859375,1442.4000244140625,1436.662109375,13716817,0.0,0.0,0.013277150975807839,1422.0400146484376,1347.7899951171876,20.764290945870535
2025-06-06 00:00:00+05:30,1441.0,1451.5,1437.0,1443.5,1437.7576904296875,8182161,0.0,0.0,0.0007626009202157391,1423.710009765625,1351.1329956054688,20.628574916294642
2025-06-09 00:00:00+05:30,1457.0,1457.5,1445.300048828125,1448.800048828125,1443.0367431640625,7885125,0.0,0.0,0.0036716652775372616,1425.110009765625,1354.0669970703125,19.842860630580358
2025-06-10 00:00:00+05:30,1450.0,1453.9000244140625,1436.0,1438.5,1432.777587890625,7913181,0.0,0.0,-0.0071093653237078724,1426.7500122070312,1357.127998046875,19.828578404017858
2025-06-11 00:00:00+05:30,1445.800048828125,1468.5999755859375,1443.0999755859375,1448.9000244140625,1443.13623046875,8195700,0.0,0.0,0.007229770187043849,1430.3500122070313,1360.6449975585938,19.72857666015625
2025-06-12 00:00:00+05:30,1453.5,1457.0,1434.4000244140625,1441.5999755859375,1435.865234375,8828114,0.0,0.0,-0.0050383385362128275,1432.7300048828124,1363.912998046875,19.399998256138392
2025-06-13 00:00:00+05:30,1424.0,1435.5,1414.300048828125,1427.9000244140625,1422.2198486328125,9757276,0.0,0.0,-0.009503295923896427,1433.4300048828125,1366.9689990234374,19.778564453125
2025-06-16 00:00:00+05:30,1426.9000244140625,1442.4000244140625,1424.4000244140625,1437.800048828125,1432.0804443359375,8458093,0.0,0.0,0.006933275610892187,1435.8400146484375,1370.6730004882813,19.414280482700892
2025-06-17 00:00:00+05:30,1448.0,1448.0,1425.800048828125,1431.199951171875,1425.506591796875,10366599,0.0,0.0,-0.004590414127214282,1438.410009765625,1374.2739990234375,20.149989536830358
2025-06-18 00:00:00+05:30,1430.0,1442.800048828125,1425.699951171875,1430.0999755859375,1424.4110107421875,6681735,0.0,0.0,-0.0007685687698890664,1439.0700073242188,1377.9019995117187,20.557137625558035
2025-06-19 00:00:00+05:30,1430.0999755859375,1439.9000244140625,1425.699951171875,1433.300048828125,1427.598388671875,10007230,0.0,0.0,0.0022376570147666364,1438.160009765625,1382.4740014648437,20.078569684709823
2025-06-20 00:00:00+05:30,1431.0,1471.0,1428.0999755859375,1466.199951171875,1460.367431640625,29010635,0.0,0.0,0.022953953270739902,1440.4300048828125,1388.4840014648437,21.578569684709823
2025-06-23 00:00:00+05:30,1453.0,1463.800048828125,1442.0,1456.800048828125,1451.0048828125,5989078,0.0,0.0,-0.006411064422855217,1441.2300048828124,1393.9760034179687,21.4857177734375
2025-06-24 00:00:00+05:30,1465.0,1475.0,1443.0999755859375,1450.800048828125,1445.0286865234375,16402744,0.0,0.0,-0.004118616006930087,1442.460009765625,1399.2850048828125,22.364292689732142
2025-06-25 00:00:00+05:30,1464.0,1472.4000244140625,1460.5,1467.300048828125,1461.463134765625,7525851,0.0,0.0,0.011373035183813052,1444.3000122070312,1404.2520068359374,20.992867606026785
2025-06-26 00:00:00+05:30,1469.0999755859375,1498.800048828125,1465.0999755859375,1495.300048828125,1489.3516845703125,14657893,0.0,0.0,0.019082668212518916,1449.67001953125,1409.3560083007812,22.364301409040177
2025-06-27 00:00:00+05:30,1499.4000244140625,1522.0,1496.9000244140625,1515.4000244140625,1509.3717041015625,11117052,0.0,0.0,0.013442101872256362,1458.42001953125,1414.8780078125,23.285731724330358
2025-06-30 00:00:00+05:30,1513.800048828125,1524.800048828125,1496.0,1500.5999755859375,1494.630615234375,8409527,0.0,0.0,-0.009766430374611779,1464.7000122070312,1419.4000073242187,24.064304896763392
2025-07-01 00:00:00+05:30,1500.5999755859375,1531.4000244140625,1500.0999755859375,1528.4000244140625,1522.320068359375,10368523,0.0,0.0,0.018525955804624017,1474.42001953125,1424.0580078125,24.478594098772323
2025-07-02 00:00:00+05:30,1528.4000244140625,1530.0,1508.699951171875,1518.800048828125,1512.75830078125,6361002,0.0,0.0,-0.006281062177827312,1483.2900268554688,1428.610009765625,24.3857421875
2025-07-03 00:00:00+05:30,1520.800048828125,1531.9000244140625,1513.0,1517.800048828125,1511.76220703125,11283291,0.0,0.0,-0.0006584145166255162,1491.7400268554688,1432.9660107421876,24.221461704799108
2025-07-04 00:00:00+05:30,1524.0,1530.0,1517.199951171875,1527.300048828125,1521.2244873046875,6603501,0.0,0.0,0.006259058963224318,1497.8500366210938,1437.4800122070312,23.85003662109375
2025-07-07 00:00:00+05:30,1526.5999755859375,1544.800048828125,1525.0,1541.5,1535.367919921875,7251074,0.0,0.0,0.009297420754206254,1506.3200317382812,1442.30201171875,23.678615025111608
2025-07-08 00:00:00+05:30,1536.0,1544.9000244140625,1530.199951171875,1537.5999755859375,1531.4833984375,7171261,0.0,0.0,-0.002530019081454782,1515.0000244140624,1445.6780102539062,23.507184709821427
2025-07-09 00:00:00+05:30,1536.699951171875,1551.0,1510.0999755859375,1519.0,1512.9573974609375,8870660,0.0,0.0,-0.012096758507588734,1520.17001953125,1448.0640112304689,25.414324079241073
2025-07-10 00:00:00+05:30,1519.699951171875,1524.699951171875,1507.5,1517.199951171875,1511.16455078125,10047129,0.0,0.0,-0.0011850222699967272,1522.360009765625,1450.3080102539063,23.578604561941965
2025-07-11 00:00:00+05:30,1512.0,1515.0,1490.300048828125,1495.199951171875,1489.2520751953125,7234991,0.0,0.0,-0.014500395931997812,1520.3400024414063,1451.8160083007813,23.785740443638392
2025-07-14 00:00:00+05:30,1492.199951171875,1500.0,1479.0999755859375,1483.699951171875,1477.7977294921875,10311846,0.0,0.0,-0.007691279009865437,1518.65,1452.8640063476562,23.000026157924108
2025-07-15 00:00:00+05:30,1486.199951171875,1496.5,1482.4000244140625,1485.4000244140625,1479.4910888671875,8132454,0.0,0.0,0.0011458335904404038,1514.35,1454.1540063476561,23.15716552734375
2025-07-16 00:00:00+05:30,1473.0,1491.0,1471.5,1485.5999755859375,1479.690185546875,10409983,0.0,0.0,0.0001346109927216066,1511.0299926757812,1455.746005859375,22.142874581473215
2025-07-17 00:00:00+05:30,1487.4000244140625,1489.5999755859375,1473.9000244140625,1476.4000244140625,1470.52685546875,11854613,0.0,0.0,-0.006192751294470389,1506.889990234375,1457.1340063476562,21.471444266183035
2025-07-18 00:00:00+05:30,1484.800048828125,1484.800048828125,1469.0999755859375,1476.0,1470.12841796875,10296318,0.0,0.0,-0.0002709458191869629,1501.7599853515626,1459.1100073242187,20.535731724330358
2025-07-21 00:00:00+05:30,1465.0,1476.0,1423.0999755859375,1428.5999755859375,1422.9169921875,22442744,0.0,0.0,-0.03211383767890408,1490.4699829101562,1458.9520068359375,22.078587123325892
2025-07-22 00:00:00+05:30,1427.4000244140625,1431.9000244140625,1410.699951171875,1412.800048828125,1407.179931640625,20396320,0.0,0.0,-0.011059727724923252,1477.989990234375,1458.8940087890626,22.071446010044642
2025-07-23 00:00:00+05:30,1426.0,1426.0,1414.4000244140625,1424.5999755859375,1418.932861328125,8354596,0.0,0.0,0.008352156249994636,1468.5499877929688,1458.8980078125,21.550013950892858
2025-07-24 00:00:00+05:30,1419.199951171875,1423.0,1396.0,1402.9000244140625,1397.3192138671875,14740507,0.0,0.0,-0.015232311907733775,1457.1199951171875,1457.8720092773438,22.564296177455358
2025-07-25 00:00:00+05:30,1398.9000244140625,1401.0,1384.0999755859375,1391.699951171875,1386.1636962890625,11854722,0.0,0.0,-0.007983514895771204,1446.7699951171876,1456.5780078125,22.357151576450892
2025-07-28 00:00:00+05:30,1392.300048828125,1407.800048828125,1385.0,1387.5999755859375,1382.080078125,7748361,0.0,0.0,-0.0029460197814084044,1437.1599975585937,1455.5140063476563,22.935721261160715
2025-07-29 00:00:00+05:30,1383.0,1420.199951171875,1383.0,1417.0999755859375,1411.4627685546875,10750072,0.0,0.0,0.021259729402591798,1430.3299926757813,1455.3640063476562,22.671430315290177
2025-07-30 00:00:00+05:30,1418.0999755859375,1423.300048828125,1401.300048828125,1410.0999755859375,1404.4906005859375,7209849,0.0,0.0,-0.004939665599179577,1422.7799926757812,1454.9820068359375,23.014290945870535
2025-07-31 00:00:00+05:30,1388.0999755859375,1402.5999755859375,1382.199951171875,1390.199951171875,1384.669677734375,17065827,0.0,0.0,-0.014112491850652997,1414.1599853515625,1454.5980053710937,22.7071533203125
2025-08-01 00:00:00+05:30,1386.9000244140625,1405.9000244140625,1384.300048828125,1393.699951171875,1388.15576171875,10321171,0.0,0.0,0.0025176234519714846,1405.92998046875,1453.9360034179688,22.757149832589285
2025-08-04 00:00:00+05:30,1395.0999755859375,1416.0999755859375,1391.699951171875,1411.5,1405.885009765625,6312820,0.0,0.0,0.0127717941104597,1404.2199829101562,1453.4700024414062,23.492867606026785
2025-08-05 00:00:00+05:30,1411.0,1411.0,1388.0999755859375,1391.699951171875,1386.1636962890625,9315972,0.0,0.0,-0.014027664773733628,1402.1099731445313,1452.862001953125,23.735726492745535
2025-08-06 00:00:00+05:30,1391.9000244140625,1395.9000244140625,1383.300048828125,1392.800048828125,1387.259521484375,5834312,0.0,0.0,0.0007904704281433972,1398.92998046875,1452.4600024414062,23.514299665178573
2025-08-07 00:00:00+05:30,1387.699951171875,1393.699951171875,1366.0,1389.4000244140625,1383.8729248046875,9976705,0.0,0.0,-0.0024411432329595195,1397.57998046875,1451.892001953125,24.371433803013392
2025-08-08 00:00:00+05:30,1385.0,1397.199951171875,1365.0,1367.800048828125,1362.35888671875,8793606,0.0,0.0,-0.015546261124507077,1395.189990234375,1450.8300024414064,22.892857142857142
2025-08-11 00:00:00+05:30,1370.0,1388.0,1361.199951171875,1386.199951171875,1380.6856689453125,9997486,0.0,0.0,0.01345218722540209,1395.0499877929688,1450.2800024414062,23.292855398995535
2025-08-12 00:00:00+05:30,1381.9000244140625,1401.9000244140625,1375.199951171875,1380.4000244140625,1374.9088134765625,12244664,0.0,0.0,-0.004184047729124063,1391.3799926757813,1449.7780029296875,24.371433803013392
2025-08-13 00:00:00+05:30,1388.0,1391.800048828125,1377.5,1382.5999755859375,1377.0999755859375,7457021,0.0,0.0,0.0015937055440207182,1388.6299926757813,1448.9600024414062,23.46429443359375
2025-08-14 00:00:00+05:30,1377.300048828125,1380.699951171875,1370.0999755859375,1373.800048828125,1373.800048828125,7126128,5.5,0.0,-0.006364767042674857,1386.9900024414062,1447.5880029296875,23.014290945870535
2025-08-18 00:00:00+05:30,1390.0,1394.9000244140625,1377.0,1381.699951171875,1381.699951171875,11785109,0.0,0.0,0.005750401851047249,1385.7900024414062,1446.352001953125,22.664289202008927
2025-08-19 00:00:00+05:30,1390.0,1421.0,1389.0999755859375,1420.0999755859375,1420.0999755859375,14384719,0.0,0.0,0.027791869270527236,1386.65,1445.7780004882814,22.285723005022323
2025-08-20 00:00:00+05:30,1413.0,1424.9000244140625,1410.0,1413.0,1413.0,8725641,0.0,0.0,-0.0049996308062804085,1388.7800048828126,1445.2680004882814,21.778581891741073
2025-08-21 00:00:00+05:30,1425.0,1431.9000244140625,1420.300048828125,1424.800048828125,1424.800048828125,11021323,0.0,0.0,0.00835106074177272,1391.9800048828124,1444.7860009765625,21.150006975446427
2025-08-22 00:00:00+05:30,1420.0,1423.4000244140625,1407.9000244140625,1409.199951171875,1409.199951171875,5817393,0.0,0.0,-0.010948973274587437,1393.9599975585938,1444.1380004882812,20.71429443359375
